province,city,PM2.5,PM10,SO2,NO2,CO,O3,U,V,TEMP,RH,PSFC,lat,lon
上海,上海市,14.108,27.656,4.726,34.872,0.373,45.48,-5.246,0.649,284.328,80.344,102117.016,31.173,121.42
云南,临沧市,17.289,19.274,4.041,6.44,0.391,47.938,4.664,1.564,285.074,62.508,83949.12,23.935,99.686
云南,丽江市,7.148,10.431,2.649,6.21,0.501,69.321,9.04,1.446,281.352,28.153,74310.359,26.96,100.515
云南,保山市,13.901,26.222,3.73,10.811,0.385,46.071,4.786,0.883,282.911,56.918,81882.015,24.953,98.962
云南,大理白族自治州,8.67,14.504,3.294,5.529,0.386,61.338,8.136,1.608,281.653,44.321,77973.403,25.726,100.053
云南,德宏傣族景颇族自治州,16.561,28.88,4.187,12.727,0.311,45.283,1.309,0.742,285.244,61.519,86153.311,24.535,98.052
云南,怒江傈僳族自治州,5.065,6.777,0.822,2.02,0.204,69.786,3.97,0.94,276.255,51.009,72619.18,26.916,98.885
云南,文山壮族苗族自治州,30.978,40.992,11.823,4.911,0.429,62.23,5.595,5.119,286.537,70.631,86470.672,23.696,104.735
云南,昆明市,11.126,20.05,8.332,13.303,0.553,56.014,10.349,4.436,283.01,50.792,79041.314,25.384,102.863
云南,昭通市,35.304,52.38,15.201,18.46,0.81,34.889,-0.033,-0.812,276.409,78.22,83968.773,27.667,103.985
云南,普洱市,16.769,23.28,5.714,6.935,0.348,46.084,3.106,1.718,286.513,64.436,86033.529,23.159,100.718
云南,曲靖市,8.928,17.106,7.952,9.482,0.379,56.998,10.192,3.959,284.286,43.552,79734.736,25.737,103.929
云南,楚雄彝族自治州,11.586,16.03,4.409,7.113,0.53,60.277,8.528,4.308,284.099,46.349,80825.43,25.328,101.567
云南,玉溪市,15.027,23.069,7.489,6.969,0.461,62.234,6.138,3.095,285.184,63.001,83443.53,24.136,102.217
云南,红河哈尼族彝族自治州,20.004,28.431,9.548,4.687,0.394,64.915,4.529,3.166,286.108,67.436,85160.982,23.451,103.034
云南,西双版纳傣族自治州,22.057,35.107,7.567,11.804,0.415,33.871,1.71,1.538,288.925,66.281,89058.929,21.939,100.912
云南,迪庆藏族自治州,4.28,4.552,0.956,2.127,0.258,80.122,10.139,2.674,273.555,45.325,66921.238,27.957,99.459
内蒙古,乌兰察布市,9.175,15.713,5.489,5.909,0.378,45.673,2.9,-3.21,258.767,57.027,86070.724,41.691,112.44
内蒙古,乌海市,30.77,73.555,29.033,40.861,0.941,36.471,5.139,-3.405,265.51,45.856,88061.479,39.396,106.856
内蒙古,兴安盟,2.677,6.495,1.812,1.53,0.215,56.182,10.18,-5.863,253.832,43.611,94885.512,46.244,121.341
内蒙古,包头市,8.531,15.033,4.213,7.968,0.321,42.96,1.29,-2.175,259.394,53.364,86085.449,41.549,110.276
内蒙古,呼伦贝尔市,2.205,3.389,2.981,2.01,0.214,49.805,6.123,-4.361,247.446,65.056,93435.013,49.636,121.171
内蒙古,呼和浩特市,29.322,58.479,13.48,27.552,0.853,33.887,2.629,-1.721,261.578,51.066,86427.989,40.578,111.513
内蒙古,巴彦淖尔市,5.602,9.069,3.111,3.225,0.23,43.984,1.976,-1.541,260.957,45.743,87633.425,41.446,107.582
内蒙古,赤峰市,4.747,8.62,3.415,3.199,0.249,53.377,7.021,-5.362,258.67,47.66,92156.98,43.226,118.892
内蒙古,通辽市,8.505,14.897,5.142,4.038,0.265,51.715,7.67,-5.74,260.921,36.494,98456.098,43.814,121.591
内蒙古,鄂尔多斯市,15.576,27.84,12.532,20.102,0.473,38.897,4.259,-2.051,264.426,46.673,87301.202,39.407,108.63
内蒙古,锡林郭勒盟,1.072,1.644,1.166,0.786,0.189,57.492,5.19,-4.685,254.52,55.428,89303.467,44.179,115.482
内蒙古,阿拉善盟,5.255,6.953,2.328,2.087,0.209,48.735,3.358,-0.878,264.674,51.06,87932.567,40.473,102.467
北京,北京市,24.775,47.698,7.683,26.343,0.595,35.237,1.999,-5.31,269.943,28.179,98514.634,40.158,116.395
台湾,台湾省,15.389,20.538,5.752,15.769,0.267,52.702,-1.832,-1.769,292.237,79.396,93090.102,23.757,120.975
吉林,吉林市,23.238,45.399,10.647,11.007,0.544,48.431,7.036,2.446,262.485,57.069,97314.284,43.573,126.859
吉林,四平市,16.754,38.437,7.598,10.29,0.45,46.229,7.169,-1.6,262.62,37.389,99927.586,43.472,124.386
吉林,延边朝鲜族自治州,25.52,39.335,13.435,15.801,0.543,39.854,7.746,2.52,262.276,61.594,94037.936,43.141,129.147
吉林,松原市,13.416,23.044,5.868,6.449,0.341,45.391,8.336,-1.898,260.426,37.166,100186.492,44.785,124.496
吉林,白城市,8.665,18.992,3.386,3.529,0.251,51.805,8.802,-4.765,259.46,33.855,100414.747,45.35,123.031
吉林,白山市,34.875,53.094,18.619,17.255,0.749,35.154,6.444,3.07,261.917,73.881,92230.954,42.063,127.256
吉林,辽源市,23.959,46.276,11.388,14.411,0.565,43.967,7.212,0.617,263.386,47.787,97868.763,42.836,125.32
吉林,通化市,34.316,57.032,18.267,20.379,0.858,34.146,5.266,1.405,264.014,64.455,95976.101,41.939,125.927
吉林,长春市,17.232,42.141,8.011,12.04,0.512,45.999,8.021,0.295,261.604,43.277,99652.226,44.268,125.611
四川,乐山市,50.031,63.488,11.14,21.786,0.765,25.421,0.057,-2.51,275.878,85.904,89733.621,29.218,103.569
四川,内江市,30.57,44.759,10.007,20.532,0.789,20.605,0.848,-3.413,280.44,75.037,97052.869,29.62,104.95
四川,凉山彝族自治州,15.073,20.0,6.097,9.423,0.501,62.707,6.518,3.991,280.03,33.87,73734.193,27.883,102.065
四川,南充市,46.887,60.136,11.291,16.147,0.811,30.927,-2.152,-3.078,280.168,64.871,97053.593,31.19,106.199
四川,宜宾市,56.616,71.768,13.296,27.869,0.884,17.229,1.279,-2.883,279.373,83.051,95368.54,28.573,104.621
四川,巴中市,52.071,63.661,13.385,15.308,0.726,33.792,-4.966,-3.389,277.262,60.478,92646.283,32.033,107.031
四川,广元市,37.328,49.188,11.1,15.955,0.725,33.248,-2.74,-4.638,277.034,55.076,91771.129,32.261,105.788
四川,广安市,47.491,71.103,9.121,24.579,0.836,22.731,-1.255,-2.849,280.426,72.817,97038.188,30.43,106.628
四川,德阳市,32.761,47.359,7.123,25.7,0.693,18.869,-2.525,-2.714,278.15,62.858,93414.708,31.13,104.436
四川,成都市,29.624,47.004,7.631,26.24,0.739,18.987,-1.34,-2.599,278.212,68.644,93582.619,30.64,103.929
四川,攀枝花市,18.841,31.928,15.748,32.738,1.143,40.854,3.998,5.67,286.419,25.794,81118.213,26.791,101.734
四川,泸州市,40.051,50.245,14.347,24.199,0.762,18.043,1.779,-2.574,278.896,83.194,93648.72,28.424,105.675
四川,甘孜藏族自治州,1.922,3.047,0.398,1.176,0.137,77.13,8.505,2.776,267.81,49.973,60589.308,30.936,100.009
四川,眉山市,36.921,51.367,8.924,22.985,0.758,23.008,0.275,-2.655,278.349,77.012,94053.743,29.912,103.766
四川,绵阳市,31.221,41.535,9.344,14.163,0.591,33.819,-2.329,-2.896,275.594,60.223,88046.688,31.86,104.704
四川,自贡市,44.435,59.19,10.746,25.494,0.849,16.431,1.381,-3.074,280.516,75.405,97041.971,29.307,104.659
四川,资阳市,28.418,42.439,9.628,15.034,0.72,26.558,-0.269,-3.833,280.678,71.289,97300.723,30.102,105.149
四川,达州市,58.456,74.719,15.036,23.92,0.813,33.338,-2.799,-1.805,278.371,74.268,94265.739,31.335,107.636
四川,遂宁市,34.151,48.197,10.287,15.444,0.748,27.756,-1.402,-3.942,280.875,65.697,97534.941,30.642,105.457
四川,阿坝藏族羌族自治州,7.829,9.929,1.844,4.432,0.29,60.554,4.828,1.005,268.686,55.272,64878.771,32.406,102.61
四川,雅安市,31.38,41.692,10.556,9.051,0.542,49.244,-1.184,-0.774,272.372,79.671,79861.51,29.932,102.689
天津,天津市,50.937,97.644,14.421,49.203,1.148,19.955,0.807,-3.403,271.896,26.007,102403.189,39.315,117.308
宁夏,中卫市,21.337,32.612,8.339,14.785,0.504,49.259,1.765,-1.878,266.985,49.309,83782.517,37.018,105.509
宁夏,吴忠市,22.782,36.614,12.087,19.798,0.556,45.131,3.908,-1.792,266.553,50.3,85386.608,37.454,106.577
宁夏,固原市,23.583,35.796,9.679,18.459,0.517,48.353,0.821,-3.67,266.915,48.485,81017.752,35.905,106.183
宁夏,石嘴山市,37.3,74.844,30.847,35.969,1.047,41.054,3.89,-2.174,266.669,34.775,87074.519,39.013,106.499
宁夏,银川市,42.801,80.644,28.803,46.427,1.221,37.195,2.938,-0.685,267.397,38.668,87420.652,38.287,106.342
安徽,亳州市,66.282,96.444,8.07,40.99,0.816,12.841,-1.835,-2.088,278.276,80.996,101998.941,33.44,116.162
安徽,六安市,66.584,89.763,8.735,44.019,0.816,18.436,0.089,-1.456,279.033,88.498,99333.375,31.617,116.209
安徽,合肥市,54.232,74.288,7.41,50.434,0.784,10.582,-1.441,-1.218,280.908,89.672,101746.427,31.766,117.359
安徽,安庆市,62.787,74.811,9.66,36.73,0.761,28.217,-1.493,-2.812,280.976,82.931,99714.229,30.557,116.473
安徽,宣城市,40.345,56.216,7.203,37.531,0.653,31.073,-1.626,1.534,281.309,90.381,99625.067,30.676,118.846
安徽,宿州市,57.415,89.706,8.648,39.984,0.75,20.652,-2.352,-1.404,278.367,83.357,101946.861,33.844,117.23
安徽,池州市,46.685,61.943,9.131,34.924,0.722,29.316,-1.407,-0.908,281.265,87.409,99861.154,30.296,117.379
安徽,淮北市,64.081,94.59,10.155,45.173,0.798,11.264,-2.182,-1.573,278.335,82.851,102000.132,33.722,116.747
安徽,淮南市,59.657,84.029,9.446,45.874,0.773,9.684,-1.989,-2.48,279.942,87.612,101968.378,32.463,116.746
安徽,滁州市,49.054,68.598,7.836,46.228,0.661,14.749,-2.841,-0.956,280.117,91.727,101661.382,32.55,118.076
安徽,芜湖市,51.063,69.01,9.596,50.616,0.842,20.466,-2.096,-0.683,281.852,88.215,101880.705,31.167,118.162
安徽,蚌埠市,49.44,74.63,9.421,39.213,0.681,23.432,-2.77,-2.411,279.121,87.589,101979.214,33.121,117.263
安徽,铜陵市,53.967,76.284,9.594,48.871,0.841,17.074,-1.385,-2.289,281.611,86.047,101733.229,30.883,117.531
安徽,阜阳市,75.802,106.747,7.75,39.995,0.891,13.19,-1.297,-2.488,278.56,83.943,101964.082,32.937,115.723
安徽,马鞍山市,49.831,68.028,9.234,51.967,0.813,12.758,-2.417,-0.304,281.433,90.623,101900.516,31.622,118.386
安徽,黄山市,37.358,54.472,8.302,23.987,0.694,36.973,-2.339,0.116,280.823,92.303,97570.121,29.869,118.09
山东,东营市,92.514,146.949,25.679,57.074,1.307,18.097,0.844,-2.0,273.94,56.718,102403.296,37.57,118.572
山东,临沂市,88.821,163.679,19.758,57.436,1.211,17.387,-0.069,-0.444,275.592,70.394,100479.676,35.289,118.27
山东,威海市,48.558,97.788,13.963,36.315,1.116,40.105,4.11,-1.695,275.77,58.38,101641.708,37.148,122.028
山东,德州市,85.731,152.183,19.86,55.907,1.114,19.455,0.882,-0.921,273.99,40.56,102301.282,37.233,116.679
山东,日照市,84.297,158.815,18.059,61.174,1.353,21.128,1.723,-0.517,275.645,66.981,100595.86,35.566,119.108
山东,枣庄市,88.62,166.769,20.047,53.972,0.95,13.273,-1.93,-0.083,276.694,73.104,101230.858,34.925,117.383
山东,泰安市,107.928,188.046,23.434,60.802,1.5,12.622,-0.575,-0.484,274.233,60.216,100402.835,35.993,117.04
山东,济南市,103.989,177.311,24.152,61.476,1.348,14.522,0.747,-0.07,273.86,54.55,100395.187,36.639,117.254
山东,济宁市,86.749,166.22,19.566,55.723,1.232,12.955,-0.987,-0.176,275.664,63.721,101729.152,35.375,116.697
山东,淄博市,109.027,183.367,29.397,65.63,1.547,11.965,2.569,0.113,273.87,58.815,99735.064,36.623,118.062
山东,滨州市,92.848,143.154,23.259,57.346,1.284,19.525,1.538,-1.679,274.101,52.671,102360.865,37.516,117.852
山东,潍坊市,98.757,170.895,24.485,64.266,1.51,16.335,2.885,-0.324,275.015,60.174,101223.083,36.53,119.092
山东,烟台市,65.815,120.792,18.441,46.475,1.416,29.518,2.831,-0.68,274.611,60.682,101157.667,37.25,120.789
山东,聊城市,102.439,174.503,20.374,60.888,1.243,15.123,0.145,-1.018,274.367,39.541,102071.834,36.458,115.863
山东,菏泽市,108.249,173.764,16.157,55.858,1.302,13.671,-0.322,-1.381,275.583,54.102,101899.848,35.134,115.69
山东,青岛市,80.871,144.851,21.081,59.563,1.483,23.667,3.081,-0.907,275.692,64.43,101774.949,36.46,120.172
山西,临汾市,87.164,132.479,51.648,61.324,2.187,22.743,1.719,-2.949,270.972,42.285,90385.057,36.227,111.398
山西,吕梁市,54.291,91.242,35.501,41.451,1.141,26.739,2.679,-2.184,267.065,46.206,87920.144,37.663,111.27
山西,大同市,28.109,52.801,21.496,23.77,0.955,32.373,3.375,-2.98,263.458,48.646,87356.574,39.911,113.713
山西,太原市,58.487,112.647,35.081,50.352,1.104,24.087,4.101,-2.825,267.415,35.489,87739.254,37.967,112.321
山西,忻州市,39.037,71.979,23.759,33.422,0.769,31.346,3.907,-2.127,264.593,43.546,86176.498,38.877,112.391
山西,晋中市,67.211,120.851,51.494,60.297,1.54,19.656,2.704,-1.404,269.007,35.803,88695.468,37.328,112.997
山西,晋城市,72.833,122.193,38.26,53.884,1.723,25.792,0.702,-2.824,272.381,38.818,90710.714,35.625,112.752
山西,朔州市,33.177,74.224,27.848,32.385,0.852,30.869,4.08,-1.579,263.578,51.372,86688.192,39.619,112.655
山西,运城市,78.718,137.354,41.338,58.225,1.715,18.292,0.873,-2.614,274.631,38.495,94734.519,35.205,111.071
山西,长治市,68.234,117.273,44.907,58.571,1.657,21.234,1.431,-1.608,270.376,37.227,88993.218,36.48,112.915
山西,阳泉市,63.725,109.429,42.768,56.551,1.241,21.96,4.967,-2.007,268.914,30.982,90657.761,38.031,113.512
广东,东莞市,33.288,45.181,8.41,39.218,1.036,16.406,-2.719,-2.998,291.549,76.123,101413.196,22.931,113.81
广东,中山市,41.591,63.086,7.151,54.881,1.078,14.308,-2.61,-4.171,291.79,78.898,101402.359,22.5,113.383
广东,云浮市,39.15,53.259,9.377,36.838,1.028,15.537,-3.022,-1.154,288.961,81.742,99391.262,22.776,111.818
广东,佛山市,41.155,66.409,7.764,50.253,1.123,6.317,-1.224,-3.356,290.442,76.65,101478.157,23.035,112.979
广东,广州市,36.112,48.358,8.316,35.0,1.04,16.04,-1.753,-2.792,290.673,78.238,100561.606,23.339,113.525
广东,惠州市,26.008,34.914,9.473,19.078,0.863,28.235,-2.175,-3.372,290.321,80.487,99570.493,23.244,114.485
广东,揭阳市,34.827,38.089,11.977,26.892,0.997,33.269,-2.802,-3.218,290.752,79.192,100167.486,23.323,116.123
广东,梅州市,21.955,29.595,10.167,16.919,0.879,34.407,-0.581,-2.018,290.251,78.889,98141.91,24.169,116.07
广东,汕头市,23.47,30.834,10.564,24.11,0.76,42.687,-4.446,-4.66,291.664,79.884,101286.477,23.339,116.614
广东,汕尾市,26.897,30.654,9.826,17.758,0.791,40.049,-4.045,-3.808,291.19,76.933,99878.027,23.024,115.527
广东,江门市,48.352,69.684,10.131,53.002,1.059,11.924,-2.645,-4.562,290.796,80.615,100831.068,22.289,112.676
广东,河源市,26.801,36.846,13.77,17.177,0.944,29.908,-1.375,-3.087,289.036,82.239,98353.065,24.021,114.969
广东,深圳市,33.196,51.437,7.428,40.044,0.963,19.144,-3.414,-3.776,291.441,78.504,100909.904,22.667,114.143
广东,清远市,38.948,48.994,11.885,20.333,0.916,27.041,-1.248,-1.793,287.498,82.949,97872.997,24.295,112.871
广东,湛江市,33.404,48.73,8.416,16.773,0.818,47.506,-5.299,-1.538,293.655,83.257,101162.72,21.091,110.163
广东,潮州市,24.016,28.943,8.53,19.808,0.836,40.07,-3.866,-3.503,291.216,76.754,99595.033,23.755,116.754
广东,珠海市,37.707,54.698,9.14,47.025,0.838,26.062,-3.768,-4.653,292.637,80.89,101453.165,22.095,113.317
广东,肇庆市,37.8,46.744,10.388,23.71,0.91,21.887,-2.674,-1.73,288.852,80.947,99513.775,23.505,112.199
广东,茂名市,34.592,46.333,7.817,20.271,0.861,40.935,-3.938,-1.094,291.74,81.51,99400.081,22.013,110.952
广东,阳江市,47.882,60.889,10.732,38.089,1.002,24.768,-3.039,-3.723,290.447,81.465,99966.386,22.042,111.786
广东,韶关市,33.397,44.452,12.16,19.149,1.042,31.966,-1.304,-1.295,287.199,82.513,97094.947,24.785,113.819
广西,北海市,51.285,62.084,14.566,19.609,1.122,39.437,-4.283,0.086,293.52,78.058,101206.548,21.674,109.37
广西,南宁市,55.415,70.175,11.151,25.554,1.092,29.366,-2.799,-0.208,289.322,79.839,99395.006,23.051,108.469
广西,崇左市,51.628,79.994,15.679,16.704,1.023,43.934,-1.872,1.249,289.16,82.157,98062.87,22.483,107.291
广西,来宾市,60.593,76.895,12.983,21.71,0.953,33.675,-2.331,0.383,288.221,80.636,98244.127,23.859,109.417
广西,柳州市,50.574,68.994,16.605,19.153,0.943,31.912,-1.978,-1.789,285.277,79.948,97669.478,24.956,109.372
广西,桂林市,48.392,65.749,13.668,17.367,0.96,38.788,-2.313,-1.258,284.006,85.041,96053.304,25.353,110.513
广西,梧州市,31.529,44.457,12.619,18.38,1.0,24.527,-3.4,-0.356,288.523,83.011,99112.709,23.484,110.996
广西,河池市,67.743,88.136,17.196,15.151,0.96,35.052,-2.345,2.497,285.659,84.455,95213.288,24.628,107.843
广西,玉林市,37.582,48.492,11.026,19.647,1.053,31.515,-3.066,-0.352,291.142,81.659,99461.645,22.452,110.164
广西,百色市,49.207,67.693,17.748,10.121,0.78,54.533,-0.491,4.833,287.79,81.013,93012.829,23.981,106.292
广西,贵港市,29.108,43.983,13.821,19.744,1.034,24.322,-3.995,-1.564,289.408,79.199,99940.444,23.322,110.021
广西,贺州市,30.839,41.34,13.61,12.139,0.867,34.907,-1.829,-0.326,287.521,84.226,97284.864,24.364,111.394
广西,钦州市,47.113,58.757,10.966,17.889,1.174,35.747,-2.41,-0.624,292.147,78.637,100503.241,22.173,109.01
广西,防城港市,58.27,77.632,14.465,22.727,1.212,34.027,-2.266,-0.649,290.682,83.315,98896.981,21.88,108.002
新疆,乌鲁木齐市,30.332,38.48,2.758,14.286,0.524,52.913,1.495,0.15,262.517,52.292,84380.592,43.746,87.818
新疆,五家渠市,52.883,65.3,5.463,18.923,0.733,45.75,1.427,-0.897,259.367,73.83,97524.07,44.363,87.517
新疆,伊犁哈萨克自治州,22.635,25.533,4.342,7.288,0.689,56.309,1.554,1.139,263.353,79.005,80328.047,43.438,82.146
新疆,克孜勒苏柯尔克孜自治州,6.416,11.427,0.817,1.819,0.265,65.185,5.735,-2.55,262.134,46.971,70061.941,39.661,75.949
新疆,克拉玛依市,21.562,27.74,3.224,13.863,0.529,42.664,-1.802,-1.932,259.929,65.458,98520.083,45.457,85.207
新疆,北屯市,6.92,8.452,21.792,15.008,2.086,27.106,0.2,-2.9,255.418,70.962,96514.084,47.27,87.868
新疆,博尔塔拉蒙古自治州,20.445,27.624,6.331,8.209,0.632,49.16,2.771,1.537,261.377,66.892,86482.528,44.714,82.114
新疆,双河市,23.778,39.36,12.046,14.336,0.698,38.912,-0.3,-0.172,261.352,68.17,99030.402,44.87,82.474
新疆,可克达拉市,108.264,123.252,23.22,35.366,2.16,28.858,-2.352,0.624,270.038,93.148,95482.03,43.918,80.786
新疆,和田地区,4.552,7.916,1.519,1.729,0.229,61.937,3.106,0.554,263.783,45.835,73856.647,37.059,80.934
新疆,哈密市,5.995,5.78,3.398,2.641,0.32,58.862,1.234,1.11,264.525,44.669,88651.746,43.042,93.517
新疆,喀什地区,15.396,24.313,2.646,3.913,0.403,57.571,3.701,1.393,264.643,51.499,76042.229,38.125,77.178
新疆,图木舒克市,10.13,11.595,5.463,2.96,0.243,43.628,0.238,0.828,269.82,66.497,89647.27,39.892,79.182
新疆,塔城地区,13.111,15.844,3.021,5.734,0.401,50.244,0.514,-1.212,260.052,66.729,90053.834,45.642,84.789
新疆,巴音郭楞蒙古自治州,4.62,16.039,0.922,0.627,0.172,58.567,3.091,0.16,263.389,53.196,79210.887,39.463,87.481
新疆,新星市,17.62,16.475,7.17,10.97,0.82,43.545,-1.66,1.14,266.405,45.355,93396.31,42.75,93.68
新疆,昆玉市,34.507,79.09,17.987,21.22,1.25,40.413,-2.153,1.223,272.023,46.8,87214.983,37.457,79.093
新疆,昌吉回族自治州,19.446,25.175,3.503,7.093,0.394,57.395,0.929,-0.008,262.692,54.189,90355.917,44.342,88.608
新疆,石河子市,118.515,151.295,16.765,47.32,1.75,19.005,-0.025,-0.435,261.77,63.31,95466.51,44.245,86.035
新疆,胡杨河市,26.338,33.096,2.25,10.086,0.528,43.792,-3.312,-1.124,258.042,75.524,99022.172,44.852,84.772
新疆,铁门关市,62.687,340.637,2.667,4.96,0.407,48.547,0.777,1.063,268.103,51.813,92245.28,41.773,85.66
新疆,阿克苏地区,11.443,28.222,2.516,3.158,0.29,49.687,1.29,-0.405,267.162,58.593,85507.412,40.965,81.578
新疆,阿勒泰地区,3.554,3.976,3.549,2.642,0.475,57.242,-2.156,0.411,257.489,65.019,88870.112,46.902,88.421
新疆,阿拉尔市,17.517,48.495,2.825,5.255,0.389,40.33,-0.033,0.555,269.525,68.442,90570.884,40.629,80.998
江苏,南京市,48.141,69.067,8.478,52.324,0.727,12.93,-2.563,0.3,281.38,91.378,101963.531,31.899,118.876
江苏,南通市,22.965,39.654,7.929,23.713,0.49,54.954,-4.748,0.605,282.202,86.834,102170.627,32.201,120.979
江苏,宿迁市,34.945,55.325,6.943,30.159,0.591,34.089,-3.441,-1.304,279.237,87.342,102188.159,33.765,118.495
江苏,常州市,38.036,65.493,8.823,53.271,0.732,18.944,-3.738,1.357,282.366,88.989,102011.376,31.613,119.666
江苏,徐州市,68.467,115.266,9.984,45.276,0.83,16.654,-2.132,-0.472,277.823,80.341,101969.542,34.363,117.513
江苏,扬州市,38.828,59.548,7.243,36.411,0.597,27.524,-3.862,-0.126,280.436,93.002,102169.12,32.709,119.486
江苏,无锡市,30.383,58.413,9.074,53.704,0.668,22.268,-4.258,1.416,282.696,87.899,101920.018,31.546,120.066
江苏,泰州市,33.195,53.21,8.283,33.63,0.578,39.178,-4.234,0.403,280.934,91.633,102134.837,32.605,120.048
江苏,淮安市,31.337,50.316,6.417,27.587,0.525,38.049,-3.449,-1.156,279.505,91.387,102154.763,33.362,118.985
江苏,盐城市,26.528,41.944,7.747,18.14,0.484,54.588,-2.039,-0.643,280.11,88.089,102235.421,33.529,120.156
江苏,苏州市,21.776,45.264,7.196,50.609,0.499,30.92,-4.55,0.824,283.323,85.575,102083.666,31.374,120.661
江苏,连云港市,40.978,65.795,10.727,34.881,0.717,31.933,-1.332,-0.48,278.135,80.479,102116.586,34.519,119.133
江苏,镇江市,44.774,72.042,9.359,55.935,0.773,11.46,-3.872,1.051,281.796,90.5,102005.351,32.016,119.49
江西,上饶市,42.123,58.925,10.951,21.781,0.684,37.476,-1.398,-1.148,283.569,86.28,99655.76,28.778,117.47
江西,九江市,57.98,70.968,10.642,28.064,0.734,29.092,-1.067,-2.571,281.414,85.015,99657.328,29.313,115.444
江西,南昌市,59.447,86.002,11.151,29.254,0.948,31.278,-0.051,-3.25,283.423,83.624,101560.365,28.671,116.016
江西,吉安市,50.793,75.622,18.019,21.621,1.038,35.951,-0.39,-2.279,283.441,81.641,99197.171,26.954,114.831
江西,宜春市,61.587,86.314,15.485,28.372,0.948,27.81,-1.127,-2.127,282.027,82.026,99590.821,28.29,114.974
江西,抚州市,48.483,65.621,13.767,17.388,0.758,43.252,-0.379,-1.401,284.421,84.69,99195.787,27.514,116.42
江西,新余市,61.887,94.515,23.051,35.329,1.076,24.515,-0.809,-2.175,282.266,80.981,100542.245,27.847,114.836
江西,景德镇市,38.132,56.346,9.516,19.839,0.648,35.998,-1.686,-1.572,282.672,87.135,100522.315,29.287,117.24
江西,萍乡市,74.686,107.538,18.209,29.227,1.268,23.247,-1.468,-0.701,281.779,83.293,98202.343,27.505,113.908
江西,赣州市,33.786,47.398,15.487,13.124,1.084,39.832,-0.116,-1.839,286.147,83.272,97450.103,25.692,115.279
江西,鹰潭市,53.842,68.409,12.526,26.022,0.705,37.127,-0.966,-1.048,284.104,85.589,100181.237,28.222,117.094
河北,保定市,59.335,99.053,19.749,46.48,1.077,24.383,0.381,-3.124,271.342,25.215,98466.893,39.018,115.159
河北,唐山市,57.13,105.64,21.62,47.048,1.301,20.117,-0.029,-3.035,270.725,30.903,101848.505,39.731,118.354
河北,廊坊市,55.856,102.301,15.457,45.93,1.155,23.652,-0.076,-4.616,271.987,23.949,102470.5,39.267,116.632
河北,张家口市,13.348,22.744,6.816,10.414,0.399,46.642,4.839,-4.982,261.342,49.002,87794.487,40.877,115.042
河北,承德市,15.642,27.52,6.0,13.287,0.504,43.316,3.755,-4.55,262.519,42.885,91210.128,41.339,117.578
河北,沧州市,72.353,128.324,21.889,53.017,1.22,19.302,0.193,-2.846,273.013,31.277,102446.501,38.258,116.744
河北,石家庄市,94.339,159.79,36.291,66.318,1.711,16.995,1.388,-2.384,272.903,24.08,99043.378,38.135,114.407
河北,秦皇岛市,50.068,88.068,20.801,38.509,1.34,25.534,0.208,-4.093,268.612,31.505,99402.929,40.12,119.193
河北,衡水市,86.836,157.803,22.616,58.725,1.327,16.364,0.068,-1.833,273.242,27.365,102305.779,37.755,115.813
河北,邢台市,101.038,180.276,35.215,66.99,1.759,14.448,0.384,-2.543,274.26,27.332,100729.702,37.195,114.815
河北,邯郸市,104.159,177.841,33.61,66.805,1.736,12.243,0.695,-1.967,274.415,31.298,100214.393,36.538,114.596
河南,三门峡市,70.053,113.525,21.363,46.883,1.006,19.724,2.045,-2.605,273.315,44.569,92215.323,34.362,111.101
河南,信阳市,79.567,113.253,10.848,39.63,1.011,13.088,-0.458,-2.547,278.25,84.301,100948.72,32.091,114.907
河南,南阳市,94.322,131.787,14.008,40.815,1.11,17.807,-0.786,-2.08,277.553,47.888,98848.488,33.034,112.323
河南,周口市,142.1,184.165,12.699,44.755,1.317,12.566,-0.854,-2.048,277.3,65.515,101799.666,33.738,114.884
河南,商丘市,102.226,144.369,10.055,48.094,1.16,14.185,-0.943,-1.559,277.022,65.654,101885.471,34.277,115.718
河南,安阳市,104.41,166.022,32.06,66.453,1.706,12.082,0.922,-2.693,274.975,33.564,99776.975,35.888,114.318
河南,平顶山市,95.464,147.619,23.189,50.811,1.192,12.732,0.197,-2.986,276.713,42.405,99538.887,33.8,113.025
河南,开封市,148.27,195.812,22.154,58.764,1.439,13.02,-0.85,-2.339,275.915,45.9,101573.225,34.594,114.514
河南,新乡市,105.652,167.104,30.071,65.777,1.586,13.746,-0.771,-2.89,275.587,35.712,100611.871,35.256,114.111
河南,洛阳市,73.353,119.378,21.277,46.774,1.015,18.589,1.24,-2.21,274.836,42.212,94685.276,34.274,112.019
河南,济源市,69.2,117.665,28.239,54.511,1.324,20.27,-0.986,-2.0,275.901,34.095,96613.293,35.105,112.445
河南,漯河市,142.285,196.367,19.76,52.616,1.304,8.252,-0.382,-2.151,276.698,52.225,101652.811,33.652,113.945
河南,濮阳市,122.156,180.258,21.957,62.171,1.432,13.032,0.353,-1.376,274.889,39.12,101917.214,35.809,115.283
河南,焦作市,80.831,140.793,31.632,62.618,1.598,14.455,-1.894,-1.544,276.957,32.461,100392.064,35.121,113.163
河南,许昌市,130.704,177.956,24.928,58.64,1.345,10.067,-0.632,-2.676,276.435,44.166,100954.299,34.075,113.707
河南,郑州市,99.799,158.588,26.529,62.942,1.383,11.254,-0.384,-1.75,276.058,38.523,99592.799,34.634,113.438
河南,驻马店市,106.867,157.703,12.984,43.038,1.171,9.551,-0.545,-2.281,277.532,69.466,101299.909,32.925,114.174
河南,鹤壁市,108.374,173.569,32.14,70.108,1.778,10.22,0.863,-2.808,275.128,32.876,101006.953,35.716,114.319
浙江,丽水市,24.85,38.504,7.073,22.144,0.467,38.037,-1.843,1.569,283.48,94.296,94823.56,28.194,119.51
浙江,台州市,18.391,31.601,4.721,22.728,0.42,44.891,-2.196,-1.154,284.827,93.044,99199.348,28.742,121.109
浙江,嘉兴市,17.159,31.291,3.601,37.789,0.38,39.232,-3.789,1.24,284.428,84.654,102051.601,30.635,120.754
浙江,宁波市,21.308,36.179,5.728,34.848,0.517,39.93,-3.271,-0.191,284.885,86.901,100765.203,29.706,121.49
浙江,杭州市,35.529,58.648,6.948,39.105,0.67,22.6,-1.468,-0.149,281.147,93.146,99052.849,29.891,119.464
浙江,温州市,25.736,47.919,7.799,36.484,0.548,29.397,-1.176,-1.976,284.606,94.785,97968.853,27.897,120.411
浙江,湖州市,32.113,56.158,7.018,48.262,0.595,22.259,-1.727,1.681,281.887,91.12,100744.563,30.757,119.871
浙江,绍兴市,29.749,50.985,5.819,44.698,0.66,21.098,-2.422,0.431,283.038,89.946,99900.151,29.709,120.64
浙江,舟山市,5.602,8.462,2.265,4.74,0.232,73.088,-5.615,-0.67,286.438,79.328,101808.842,30.038,122.23
浙江,衢州市,33.024,51.549,9.639,30.276,0.657,32.482,-1.801,-0.748,283.278,88.688,98219.567,28.912,118.675
浙江,金华市,28.169,47.32,5.661,36.375,0.595,27.386,-2.112,0.524,283.161,90.807,98501.026,29.109,119.967
海南,万宁市,20.182,39.687,6.071,4.438,0.47,63.308,-3.061,-5.383,295.033,93.108,100038.453,18.842,110.294
海南,三亚市,9.429,22.213,6.071,5.877,0.54,62.066,-4.967,-3.583,296.073,80.444,98756.61,18.413,109.407
海南,东方市,24.926,43.825,9.997,5.313,0.529,57.815,-3.573,-1.594,296.266,76.884,99409.278,18.971,108.838
海南,临高县,18.25,38.034,10.61,10.263,0.643,43.166,-5.176,-1.873,295.301,87.087,100665.617,19.821,109.733
海南,乐东黎族自治县,18.318,33.175,7.827,4.814,0.525,60.502,-2.941,-2.541,294.938,84.246,97889.328,18.659,109.072
海南,五指山市,19.97,34.676,7.804,4.678,0.51,58.146,-4.728,-2.916,292.828,91.388,94698.312,18.81,109.518
海南,儋州市,23.954,46.453,11.2,8.487,0.61,48.166,-4.851,-1.052,295.134,86.478,100306.403,19.568,109.399
海南,定安县,13.482,31.9,5.683,7.807,0.602,50.087,-4.27,-2.967,295.162,89.073,100351.487,19.47,110.28
海南,屯昌县,15.348,34.028,7.222,7.716,0.596,50.608,-3.342,-2.254,294.564,91.31,99564.472,19.342,110.076
海南,文昌市,17.478,36.122,5.505,6.084,0.509,56.844,-5.285,-4.337,295.328,91.277,101132.526,19.707,110.773
海南,昌江黎族自治县,28.269,49.279,11.178,6.023,0.556,55.664,-5.333,-1.702,294.742,84.984,98418.933,19.233,109.016
海南,海口市,14.606,33.434,6.826,10.145,0.627,44.704,-5.319,-3.393,295.207,89.406,100947.011,19.842,110.393
海南,澄迈县,13.901,33.197,7.943,11.033,0.669,42.263,-4.49,-2.349,295.141,88.141,100490.077,19.676,109.989
海南,琼中黎族苗族自治县,21.541,40.543,8.61,6.609,0.572,51.115,-2.871,-2.129,293.199,95.509,97368.335,19.087,109.847
海南,琼海市,15.707,34.623,5.58,4.988,0.495,60.488,-3.522,-3.822,295.498,90.005,100891.45,19.22,110.43
海南,白沙黎族自治县,26.064,47.581,10.511,6.484,0.588,51.428,-3.749,-0.691,293.179,93.444,97081.765,19.2,109.388
海南,陵水黎族自治县,16.117,31.946,6.75,4.594,0.503,61.851,-4.023,-5.884,295.373,86.734,99336.007,18.581,109.913
湖北,仙桃市,70.294,87.15,8.212,28.25,1.038,11.976,-1.156,-4.131,280.114,77.615,101939.434,30.284,113.417
湖北,十堰市,62.294,88.002,16.554,23.116,0.859,33.515,0.268,-1.28,275.405,58.022,93778.656,32.462,110.476
湖北,咸宁市,67.648,82.093,10.123,36.507,1.054,13.569,-1.285,-2.178,280.521,83.594,99921.64,29.621,114.178
湖北,天门市,68.063,98.519,8.912,31.577,1.084,13.071,-1.072,-3.427,279.791,72.041,101918.465,30.633,113.053
湖北,孝感市,74.218,103.441,10.371,32.024,1.026,10.851,-0.967,-4.213,279.215,74.892,101294.321,31.116,113.869
湖北,宜昌市,75.998,96.66,13.949,29.001,1.007,23.973,-0.986,-0.962,276.413,83.564,94554.693,30.746,111.129
湖北,恩施土家族苗族自治州,55.601,75.709,14.788,20.242,0.845,21.321,-0.809,0.622,275.36,94.863,89766.695,30.195,109.552
湖北,武汉市,72.924,89.427,8.535,36.703,1.054,8.217,-0.582,-3.675,280.843,75.335,101803.565,30.606,114.349
湖北,潜江市,63.509,101.293,4.811,30.506,1.204,13.268,-0.853,-3.754,279.366,77.877,101921.146,30.33,112.77
湖北,神农架林区,55.345,67.162,15.878,12.02,0.608,45.744,1.038,-0.65,271.426,90.077,82957.872,31.592,110.49
湖北,荆州市,66.677,98.072,8.706,30.043,1.162,16.925,-0.45,-4.056,279.503,82.795,101665.147,30.01,112.512
湖北,荆门市,82.157,105.605,11.936,36.191,1.077,18.479,-0.688,-3.965,279.32,65.415,100873.515,31.059,112.616
湖北,襄阳市,82.538,104.896,14.44,34.075,1.011,24.115,0.202,-2.383,277.689,57.57,98054.571,31.919,111.96
湖北,鄂州市,68.344,93.714,8.09,39.586,1.02,8.834,0.289,-3.007,281.62,77.556,101819.779,30.337,114.794
湖北,随州市,80.36,111.023,11.773,36.226,1.033,12.951,-1.039,-2.932,278.193,72.453,100155.777,31.809,113.43
湖北,黄冈市,66.362,84.681,10.265,29.108,0.823,27.185,-0.88,-2.279,280.85,77.685,100004.763,30.702,115.358
湖北,黄石市,64.806,87.622,9.133,39.098,0.958,16.404,-0.359,-2.081,281.469,81.508,100776.78,29.925,115.034
湖南,娄底市,68.365,92.971,9.21,25.837,1.342,16.555,-1.178,-2.595,278.814,89.212,97654.547,27.715,111.632
湖南,岳阳市,70.798,86.739,9.512,26.727,1.032,21.13,-0.923,-3.24,280.986,83.73,100646.2,29.081,113.275
湖南,常德市,57.936,91.316,6.77,25.609,1.271,20.929,-0.368,-3.463,277.917,92.871,99901.418,29.271,111.524
湖南,张家界市,34.104,54.306,7.309,21.333,1.082,27.91,-2.329,-1.091,276.543,95.303,95775.844,29.379,110.526
湖南,怀化市,42.103,60.731,8.281,17.856,1.07,26.794,-1.239,-2.251,278.325,90.405,96696.207,27.535,110.071
湖南,株洲市,75.853,100.11,14.668,27.406,1.129,22.545,-0.393,-1.699,282.39,85.177,98345.503,27.109,113.513
湖南,永州市,63.993,85.904,10.806,23.608,1.089,33.243,-1.726,-1.926,283.554,84.174,96859.656,25.748,111.723
湖南,湘潭市,91.806,120.352,7.3,32.855,1.28,7.9,1.009,-4.685,280.122,90.086,100748.616,27.744,112.619
湖南,湘西土家族苗族自治州,34.376,50.947,5.251,19.138,0.983,24.664,-2.147,-1.446,277.11,92.295,95672.348,28.708,109.718
湖南,益阳市,70.183,99.141,6.046,23.994,1.332,20.449,0.526,-3.582,278.29,94.042,99333.03,28.525,111.919
湖南,衡阳市,92.057,115.456,11.564,35.199,1.291,11.948,-0.407,-4.143,281.672,85.109,100192.889,26.781,112.565
湖南,邵阳市,78.151,97.699,12.384,25.048,1.248,25.132,-1.816,-1.396,279.57,89.927,95317.218,26.893,110.881
湖南,郴州市,44.768,64.448,9.602,22.703,1.13,31.605,-0.308,-1.236,284.368,85.736,96008.07,25.769,113.109
湖南,长沙市,82.199,102.999,9.904,28.488,1.081,16.602,0.591,-2.767,280.855,86.762,100121.457,28.235,113.159
甘肃,临夏回族自治州,76.093,104.869,16.502,37.865,1.372,32.458,-1.085,-0.692,266.993,54.711,77359.249,35.617,103.291
甘肃,兰州市,40.576,61.241,16.944,38.343,1.007,36.377,-0.539,0.135,266.616,49.267,79083.303,36.359,103.633
甘肃,嘉峪关市,25.592,51.378,11.382,27.312,0.577,52.275,3.097,-0.343,264.942,45.152,81720.308,39.798,98.145
甘肃,天水市,41.042,58.731,10.724,22.602,0.704,39.116,-0.839,-2.777,269.915,47.93,82781.206,34.645,105.739
甘肃,定西市,44.408,63.436,10.852,18.45,0.789,43.983,-1.382,-0.909,266.542,54.973,77137.021,35.124,104.432
甘肃,平凉市,33.273,52.473,10.101,22.056,0.647,41.03,-0.04,-4.174,269.783,46.612,84728.587,35.304,106.644
甘肃,庆阳市,21.276,32.854,9.281,13.323,0.472,43.714,1.102,-3.883,268.994,49.623,86063.095,36.149,107.596
甘肃,张掖市,12.723,17.991,4.336,7.6,0.324,59.777,3.024,0.137,262.4,52.825,74411.317,38.94,99.855
甘肃,武威市,15.954,25.464,6.965,10.263,0.521,52.356,1.598,-0.155,265.263,55.678,81503.143,38.163,103.073
甘肃,甘南藏族自治州,15.275,18.223,2.911,4.167,0.332,59.588,1.952,-0.363,265.009,60.225,67123.061,34.331,102.768
甘肃,白银市,28.507,44.21,14.698,25.699,0.731,44.781,0.322,-1.172,267.09,50.549,81589.237,36.59,104.646
甘肃,酒泉市,3.964,5.447,1.647,2.178,0.186,56.993,3.131,0.731,262.88,51.092,79074.19,40.236,96.062
甘肃,金昌市,16.812,32.379,11.195,12.78,0.513,54.661,1.964,-0.479,265.666,50.01,80644.631,38.44,102.048
甘肃,陇南市,36.444,46.12,10.793,18.421,0.73,39.241,-1.793,-4.012,270.596,52.811,82251.715,33.599,105.224
福建,三明市,21.047,30.103,10.144,10.713,0.481,45.84,-1.236,-0.239,286.874,87.49,95379.892,26.29,117.395
福建,南平市,24.137,32.83,9.152,10.965,0.437,47.556,-0.923,-0.163,285.664,87.017,96192.456,27.324,118.143
福建,厦门市,19.11,31.518,8.632,25.005,0.577,44.768,-4.105,-6.16,291.052,79.793,100527.293,24.642,118.11
福建,宁德市,21.332,30.529,6.25,15.7,0.413,44.068,-1.205,-1.708,285.302,92.694,95534.803,26.968,119.474
福建,泉州市,16.686,26.066,6.271,15.227,0.463,49.697,-2.803,-3.522,288.746,86.874,96770.803,25.201,118.249
福建,漳州市,19.315,28.641,7.456,18.294,0.619,43.143,-2.72,-3.1,289.977,82.728,98354.23,24.372,117.444
福建,福州市,17.355,28.143,4.832,19.179,0.449,46.691,-2.124,-4.468,287.189,91.355,97608.282,26.083,119.206
福建,莆田市,15.329,25.176,5.8,15.834,0.42,51.83,-2.756,-6.459,288.931,86.572,98317.532,25.445,118.864
福建,龙岩市,20.079,28.853,9.496,10.857,0.604,45.389,-0.404,-1.227,288.55,82.742,95330.222,25.256,116.739
西藏,山南市,5.854,7.099,0.404,2.171,0.153,79.748,7.94,0.773,272.32,46.276,65917.582,28.295,92.274
西藏,拉萨市,5.113,7.96,0.089,4.662,0.214,79.423,12.937,2.396,265.38,31.366,56104.883,30.043,91.093
西藏,日喀则市,2.885,3.186,0.219,0.758,0.132,79.258,13.503,1.927,263.581,25.233,54897.762,29.483,86.493
西藏,昌都市,1.504,2.789,0.086,0.954,0.127,80.356,9.501,4.452,266.155,51.142,58542.515,30.753,97.044
西藏,林芝市,3.196,3.521,0.288,1.536,0.117,82.097,3.566,2.419,270.532,58.239,66121.501,29.184,95.25
西藏,玉树藏族自治州,0.91,1.922,0.074,0.583,0.124,71.924,6.315,-0.322,258.288,53.99,56595.572,34.196,94.317
西藏,那曲市,0.669,1.014,0.051,0.18,0.115,77.156,10.578,-0.647,259.723,46.534,54790.56,32.709,89.262
西藏,阿里地区,1.049,1.274,0.115,0.772,0.109,72.983,10.527,-0.14,256.291,35.129,54192.819,33.013,82.553
贵州,六盘水市,17.038,28.959,11.471,14.342,0.586,44.456,1.564,2.378,282.494,66.895,82951.14,26.106,104.896
贵州,安顺市,28.966,42.946,14.104,13.499,0.644,32.596,-2.158,1.774,281.692,89.316,88136.55,25.986,105.978
贵州,毕节市,17.099,29.671,11.512,17.643,0.802,32.685,-0.157,-1.218,277.321,84.367,83377.723,27.063,105.211
贵州,贵阳市,33.022,44.115,12.844,23.895,0.836,14.381,-0.112,-0.293,278.497,93.612,88278.946,26.845,106.71
贵州,遵义市,38.053,50.303,19.285,17.812,0.829,22.485,-0.174,-1.543,277.455,88.083,90580.921,28.167,107.102
贵州,铜仁市,29.116,50.783,15.657,16.379,1.151,24.835,-1.583,-0.44,277.157,90.036,93041.656,27.937,108.534
贵州,黔东南苗族侗族自治州,27.405,45.451,20.112,16.274,1.052,21.049,-1.494,-0.684,278.979,90.379,92885.999,26.495,108.574
贵州,黔南布依族苗族自治州,36.432,50.879,16.734,12.589,0.804,24.616,-1.463,1.241,280.9,92.698,90462.855,26.0,107.265
贵州,黔西南布依族苗族自治州,22.282,34.358,12.038,6.892,0.497,53.606,1.349,4.027,286.418,70.295,88481.706,25.256,105.467
辽宁,丹东市,36.982,58.623,23.965,24.533,0.985,35.56,3.49,-2.229,267.915,59.708,99130.057,40.554,124.376
辽宁,大连市,39.134,65.696,21.922,26.448,0.706,36.654,2.996,-3.848,271.904,48.124,101542.651,39.591,122.22
辽宁,抚顺市,28.607,51.436,16.588,21.389,0.735,40.834,5.149,-0.455,264.489,51.388,97308.077,41.841,124.65
辽宁,朝阳市,22.819,47.912,14.35,18.417,0.68,38.029,3.08,-5.679,264.916,36.597,96990.861,41.545,120.053
辽宁,本溪市,31.594,54.529,19.737,23.248,0.866,38.327,4.406,-1.335,265.131,59.827,96615.655,41.232,124.544
辽宁,沈阳市,26.986,52.571,14.696,18.468,0.685,40.273,4.802,-3.682,266.2,29.226,101839.569,42.081,123.159
辽宁,盘锦市,33.289,64.578,18.951,25.907,0.833,36.319,2.918,-4.515,268.597,27.652,102559.336,41.13,122.01
辽宁,营口市,32.476,62.621,17.382,23.773,0.674,41.988,3.233,-4.609,269.114,44.607,100116.234,40.395,122.478
辽宁,葫芦岛市,37.181,71.288,20.947,30.965,1.011,30.806,1.823,-4.921,267.885,28.41,99889.583,40.66,120.215
辽宁,辽阳市,31.765,64.912,18.691,25.804,0.907,39.242,4.088,-3.308,267.443,40.064,100356.855,41.153,123.261
辽宁,铁岭市,23.936,48.985,11.438,16.584,0.556,42.437,5.71,-1.822,264.213,37.544,100099.529,42.653,124.158
辽宁,锦州市,31.186,58.165,19.409,22.879,0.779,36.882,3.02,-4.913,267.26,29.124,101702.351,41.502,121.659
辽宁,阜新市,21.407,35.092,13.64,12.88,0.503,41.966,4.774,-5.608,264.847,32.81,100117.923,42.289,121.968
辽宁,鞍山市,32.64,62.742,19.013,25.406,0.85,38.106,3.686,-4.047,268.231,42.864,100405.917,40.731,123.007
重庆,重庆城区,49.307,66.978,16.079,25.79,0.795,21.204,-0.169,-1.158,279.839,75.726,95304.774,29.824,107.125
重庆,重庆郊县,53.033,71.567,19.763,17.718,0.766,30.17,-1.938,-0.582,276.624,83.815,91359.28,30.334,108.755
陕西,咸阳市,68.167,102.588,16.114,47.227,0.967,25.422,0.634,-2.536,273.789,44.47,91949.059,34.779,108.367
陕西,商洛市,56.767,79.848,15.656,32.089,0.721,29.489,0.329,-4.204,273.035,51.452,89649.3,33.64,109.889
陕西,安康市,62.23,76.891,16.323,21.849,0.78,31.927,-1.384,-1.648,273.771,61.62,90201.497,32.735,108.932
陕西,宝鸡市,38.565,53.707,9.031,23.96,0.568,37.563,-0.9,-3.662,271.161,48.473,86623.619,34.386,107.193
陕西,延安市,32.041,49.692,18.19,31.243,1.032,34.042,1.23,-3.746,269.196,51.277,87873.026,36.432,109.316
陕西,榆林市,31.703,48.156,21.434,39.078,1.001,31.892,3.107,-2.946,266.999,50.564,88255.767,38.041,109.581
陕西,汉中市,52.009,62.687,12.584,17.474,0.7,30.247,-1.834,-2.179,273.866,60.805,89225.483,33.088,107.098
陕西,渭南市,66.002,109.293,25.461,53.503,1.081,20.676,0.827,-1.919,274.921,42.197,94366.664,34.919,109.855
陕西,西安市,63.25,96.102,13.612,45.236,0.818,23.99,1.961,-0.898,273.024,51.71,90974.326,34.12,108.77
陕西,铜川市,49.349,71.026,21.411,40.806,0.88,29.488,0.636,-5.257,272.092,45.083,89526.813,35.198,109.058
青海,保亭黎族苗族自治县,12.91,25.872,6.61,5.276,0.522,61.172,-4.69,-4.332,294.524,86.782,97187.362,18.566,109.618
青海,吐鲁番市,11.841,22.745,3.201,3.692,0.363,54.982,0.795,0.105,265.44,47.287,90806.46,42.386,89.851
青海,果洛藏族自治州,0.985,1.993,0.118,0.616,0.12,67.498,5.663,0.628,258.908,57.225,59327.274,34.127,99.404
青海,海东市,41.812,50.955,19.341,24.526,0.864,45.126,-0.694,0.768,263.937,57.219,72444.546,36.347,102.34
青海,海北藏族自治州,4.148,5.242,1.76,2.294,0.182,68.782,3.852,-0.54,259.707,60.996,64687.893,37.775,100.288
青海,海南藏族自治州,1.481,1.773,0.388,0.769,0.124,65.998,5.088,-0.73,262.777,44.12,65953.736,35.89,100.272
青海,海西蒙古族藏族自治州,1.02,1.203,0.362,0.455,0.122,66.852,4.74,0.049,259.517,49.919,64002.537,36.677,94.519
青海,西宁市,36.139,51.422,13.229,23.875,0.974,47.749,0.673,0.425,262.143,68.415,69098.18,36.842,101.423
青海,黄南藏族自治州,4.661,5.201,1.674,2.204,0.174,63.754,3.297,-0.767,263.03,48.984,65266.579,35.022,101.631
香港,香港特别行政区,28.35,44.25,7.25,35.835,0.735,27.2,-4.46,-4.185,292.31,79.47,101079.45,22.45,114.22
黑龙江,七台河市,32.603,59.015,12.843,22.769,0.686,31.631,5.076,3.725,260.644,62.605,98149.533,45.87,130.943
黑龙江,伊春市,21.922,36.438,10.214,11.816,0.51,32.552,1.866,2.382,255.97,72.21,96417.834,47.772,129.184
黑龙江,佳木斯市,28.288,43.273,9.21,15.147,0.452,29.257,1.479,2.224,258.11,68.635,100222.822,47.207,132.11
黑龙江,双鸭山市,28.117,41.909,9.996,15.335,0.423,29.646,2.291,3.642,260.104,63.663,99773.966,46.722,132.643
黑龙江,哈尔滨市,26.139,43.059,11.939,14.665,0.549,40.808,6.757,3.404,260.044,59.038,98640.837,45.634,127.964
黑龙江,大兴安岭地区,1.091,1.725,2.179,1.967,0.211,49.157,3.203,-3.855,243.298,70.04,94977.119,52.286,124.212
黑龙江,大庆市,17.834,36.57,6.488,8.831,0.352,43.741,8.836,-3.05,258.124,43.842,100233.659,46.327,124.687
黑龙江,牡丹江市,27.4,46.833,10.091,15.572,0.602,36.628,7.046,3.974,260.817,62.529,95297.296,44.592,129.883
黑龙江,绥化市,27.842,45.137,10.442,13.036,0.56,36.051,5.833,0.916,257.61,60.868,99085.919,46.89,126.634
黑龙江,鸡西市,28.522,44.164,10.993,17.603,0.613,32.324,4.174,2.726,262.052,61.941,99547.449,45.626,132.289
黑龙江,鹤岗市,29.671,47.996,11.369,17.393,0.509,28.442,0.262,0.408,255.68,72.363,99084.151,47.661,130.778
黑龙江,黑河市,19.106,40.324,6.902,9.474,0.422,31.891,-0.371,-2.42,251.781,76.803,96952.91,49.268,127.004
黑龙江,齐齐哈尔市,20.387,37.195,7.634,8.766,0.371,37.432,6.216,-4.024,255.778,57.805,99224.47,47.715,124.57
