province,city,PM2.5,PM10,SO2,NO2,CO,O3,U,V,TEMP,RH,PSFC,lat,lon,area
上海,上海市,79.18,117.056,13.884,69.396,0.938,45.905,-1.252,1.286,287.649,75.808,102471.758,31.173,121.42,南方区域
云南,临沧市,22.609,29.601,8.119,5.45,0.486,53.536,1.85,1.14,286.65,61.889,84399.185,23.935,99.686,南方区域
云南,丽江市,8.824,11.958,2.924,7.265,0.494,69.752,4.964,0.231,282.264,30.212,74920.342,26.96,100.515,南方区域
云南,保山市,20.606,33.629,5.85,7.578,0.479,50.762,2.278,0.347,285.034,54.894,82344.777,24.953,98.962,南方区域
云南,大理白族自治州,12.956,21.242,4.446,6.944,0.447,66.964,4.74,0.761,283.318,42.482,78494.196,25.726,100.053,南方区域
云南,德宏傣族景颇族自治州,25.476,34.19,7.408,7.263,0.408,50.814,-0.145,-0.008,287.306,59.072,86584.601,24.535,98.052,南方区域
云南,怒江傈僳族自治州,7.706,12.017,1.142,2.388,0.24,68.888,2.167,-0.696,278.968,40.769,73141.17,26.916,98.885,南方区域
云南,文山壮族苗族自治州,35.614,46.452,12.336,5.288,0.483,72.951,2.508,3.03,286.847,71.017,87019.592,23.696,104.735,南方区域
云南,昆明市,24.14,36.496,10.997,17.056,0.666,60.868,5.608,3.168,283.605,57.199,79605.003,25.384,102.863,南方区域
云南,昭通市,43.446,66.292,11.164,13.758,0.693,46.724,0.014,-0.113,281.83,72.288,84500.394,27.667,103.985,南方区域
云南,普洱市,22.468,30.417,8.211,6.27,0.362,53.002,0.409,1.216,287.232,68.038,86490.238,23.159,100.718,南方区域
云南,曲靖市,22.374,37.629,11.046,13.545,0.551,63.943,5.313,3.026,284.115,55.157,80356.934,25.737,103.929,南方区域
云南,楚雄彝族自治州,21.81,26.666,7.005,7.564,0.531,64.252,4.745,3.273,284.935,52.606,81372.998,25.328,101.567,南方区域
云南,玉溪市,23.425,30.427,8.693,7.422,0.511,73.272,2.846,2.498,285.924,65.268,83948.534,24.136,102.217,南方区域
云南,红河哈尼族彝族自治州,27.903,36.288,10.678,5.299,0.442,76.056,1.372,2.009,286.496,68.961,85658.723,23.451,103.034,南方区域
云南,西双版纳傣族自治州,26.677,39.838,9.118,9.844,0.38,40.835,-1.316,0.288,289.016,71.224,89501.157,21.939,100.912,南方区域
云南,迪庆藏族自治州,5.269,6.57,1.112,3.133,0.281,73.748,4.877,-0.668,275.941,34.942,67531.407,27.957,99.459,南方区域
内蒙古,乌兰察布市,18.862,39.136,12.358,16.972,0.57,37.742,5.574,0.674,269.402,44.494,86289.873,41.691,112.44,西北地区
内蒙古,乌海市,52.043,150.199,45.329,51.295,1.36,27.041,2.682,-0.998,275.078,35.262,88276.623,39.396,106.856,西北地区
内蒙古,兴安盟,4.648,7.412,3.504,2.544,0.222,49.466,7.091,-1.2,263.738,49.038,95016.856,46.244,121.341,西北地区
内蒙古,包头市,17.585,32.682,9.1,17.237,0.475,37.217,4.826,0.879,270.161,40.255,86304.37,41.549,110.276,西北地区
内蒙古,呼伦贝尔市,3.749,5.45,3.992,2.87,0.207,47.997,5.41,-0.555,257.441,66.44,93423.372,49.636,121.171,西北地区
内蒙古,呼和浩特市,47.331,105.871,24.815,44.466,1.102,25.165,3.48,0.864,271.142,43.54,86738.537,40.578,111.513,西北地区
内蒙古,巴彦淖尔市,11.471,19.084,4.222,5.456,0.262,44.472,4.909,1.412,271.647,40.436,87790.304,41.446,107.582,西北地区
内蒙古,赤峰市,12.247,24.24,7.49,8.258,0.358,40.439,5.706,-0.456,268.015,43.499,92307.916,43.226,118.892,西北地区
内蒙古,通辽市,15.23,26.154,9.248,8.376,0.347,40.13,4.52,-0.129,268.594,35.537,98535.535,43.814,121.591,西北地区
内蒙古,鄂尔多斯市,28.662,67.403,19.786,30.339,0.67,34.484,3.664,0.032,273.938,40.108,87553.474,39.407,108.63,西北地区
内蒙古,锡林郭勒盟,3.515,5.441,3.44,2.203,0.188,43.392,5.63,0.598,265.896,53.084,89303.635,44.179,115.482,西北地区
内蒙古,阿拉善盟,8.308,13.789,2.633,2.966,0.213,49.812,3.902,0.103,274.605,38.346,88119.203,40.473,102.467,西北地区
北京,北京市,58.751,121.3,12.35,50.758,1.132,16.094,0.828,-0.526,275.478,32.982,98649.848,40.158,116.395,北方区域
台湾,台湾省,19.458,23.592,7.05,17.059,0.242,66.754,-1.739,-1.735,290.38,73.38,93561.909,23.757,120.975,南方区域
吉林,吉林市,20.25,35.816,9.526,12.932,0.493,43.433,5.088,2.556,266.302,47.924,97746.961,43.573,126.859,北方区域
吉林,四平市,21.598,42.946,9.017,14.532,0.51,38.503,4.868,1.941,268.432,34.627,100175.191,43.472,124.386,北方区域
吉林,延边朝鲜族自治州,19.181,29.344,8.768,13.31,0.416,43.329,6.909,1.414,264.372,52.476,94572.953,43.141,129.147,北方区域
吉林,松原市,15.724,30.028,8.763,9.808,0.391,39.988,5.546,1.496,266.967,34.427,100426.851,44.785,124.496,北方区域
吉林,白城市,12.256,21.549,7.0,6.044,0.337,42.911,5.162,0.48,266.964,34.204,100515.616,45.35,123.031,北方区域
吉林,白山市,19.705,32.964,11.497,13.759,0.522,43.118,4.442,2.954,264.826,55.655,92741.446,42.063,127.256,北方区域
吉林,辽源市,29.179,49.683,8.823,16.202,0.576,39.232,5.172,2.368,268.016,42.414,98229.483,42.836,125.32,北方区域
吉林,通化市,24.906,44.891,12.041,16.741,0.647,37.835,3.09,2.066,267.542,48.826,96417.468,41.939,125.927,北方区域
吉林,长春市,19.832,38.869,8.104,13.021,0.515,40.226,5.483,2.061,267.12,37.498,99985.478,44.268,125.611,北方区域
四川,乐山市,60.551,83.487,7.634,22.776,0.795,34.768,-0.356,-1.095,282.73,73.552,90112.71,29.218,103.569,南方区域
四川,内江市,73.082,102.861,6.678,30.548,0.904,21.472,-0.174,-2.041,285.86,70.732,97324.48,29.62,104.95,南方区域
四川,凉山彝族自治州,17.958,23.52,5.896,9.196,0.524,62.489,2.824,1.242,280.894,38.307,74413.881,27.883,102.065,南方区域
四川,南充市,63.088,86.198,8.602,23.068,0.868,24.542,-1.09,-2.157,284.424,78.415,97342.677,31.19,106.199,南方区域
四川,宜宾市,69.406,97.778,10.712,27.606,0.878,26.903,0.344,-0.764,285.238,74.038,95653.584,28.573,104.621,南方区域
四川,巴中市,58.131,77.09,9.779,15.418,0.82,35.478,-3.112,-1.932,282.59,74.39,93000.728,32.033,107.031,南方区域
四川,广元市,47.408,71.6,9.448,18.148,0.758,30.642,-1.909,-3.031,282.189,68.184,92120.562,32.261,105.788,南方区域
四川,广安市,51.434,76.185,7.761,30.598,0.908,17.816,-0.481,-1.602,285.088,79.945,97345.026,30.43,106.628,南方区域
四川,德阳市,70.438,113.052,8.412,36.662,0.835,21.0,-1.013,-1.343,283.403,68.812,93735.452,31.13,104.436,南方区域
四川,成都市,70.635,112.122,8.788,37.537,0.842,24.352,-0.596,-1.154,283.774,68.562,93885.39,30.64,103.929,南方区域
四川,攀枝花市,26.062,37.944,14.162,28.93,1.186,49.459,1.266,2.82,286.353,34.674,81781.793,26.791,101.734,南方区域
四川,泸州市,53.885,74.154,11.746,25.689,0.744,25.58,0.783,-1.0,284.454,78.352,93992.356,28.424,105.675,南方区域
四川,甘孜藏族自治州,1.715,2.169,0.348,2.062,0.14,71.711,4.884,-0.268,268.768,43.945,61400.556,30.936,100.009,南方区域
四川,眉山市,70.156,101.399,7.472,30.568,0.892,27.096,-0.321,-1.235,284.268,70.977,94348.459,29.912,103.766,南方区域
四川,绵阳市,44.286,64.401,6.573,18.76,0.614,36.824,-0.967,-2.23,281.025,65.091,88459.594,31.86,104.704,南方区域
四川,自贡市,79.498,110.732,7.689,33.337,0.978,21.716,-0.232,-1.643,286.136,70.001,97300.742,29.307,104.659,南方区域
四川,资阳市,68.336,97.186,6.219,26.408,0.842,20.299,-0.27,-2.222,285.338,73.523,97578.138,30.102,105.149,南方区域
四川,达州市,59.493,80.928,10.604,23.565,0.969,32.29,-1.894,-0.503,283.784,80.836,94611.055,31.335,107.636,南方区域
四川,遂宁市,62.778,92.416,7.645,27.397,0.862,18.167,-0.465,-2.405,284.923,75.986,97817.254,30.642,105.457,南方区域
四川,阿坝藏族羌族自治州,4.421,6.874,0.616,3.927,0.191,64.36,4.572,-0.972,269.93,50.071,65704.158,32.406,102.61,南方区域
四川,雅安市,33.279,45.842,6.484,11.512,0.473,57.626,-0.08,-0.876,278.88,64.407,80415.87,29.932,102.689,南方区域
天津,天津市,69.143,151.429,17.788,61.892,1.27,12.486,-0.351,-0.667,277.204,48.179,102512.657,39.315,117.308,北方区域
宁夏,中卫市,44.759,121.854,14.029,29.814,0.759,35.671,2.797,-0.134,275.882,40.546,84114.578,37.018,105.509,西北地区
宁夏,吴忠市,40.457,101.75,15.266,27.173,0.693,33.693,3.19,0.355,275.638,41.32,85675.226,37.454,106.577,西北地区
宁夏,固原市,42.098,127.178,12.74,30.4,0.85,38.87,1.936,-0.96,274.71,50.062,81453.535,35.905,106.183,西北地区
宁夏,石嘴山市,53.221,143.159,36.924,45.596,1.261,31.0,2.719,-0.846,275.91,33.208,87327.901,39.013,106.499,西北地区
宁夏,银川市,56.499,149.992,29.49,44.342,1.176,29.234,2.143,0.319,276.31,35.07,87655.216,38.287,106.342,西北地区
安徽,亳州市,177.956,289.014,11.114,45.103,1.438,31.552,-1.044,-1.158,284.735,61.986,102185.623,33.44,116.162,南方区域
安徽,六安市,129.156,198.233,10.212,44.752,1.172,47.409,-0.482,-0.017,285.918,60.696,99624.677,31.617,116.209,南方区域
安徽,合肥市,140.135,185.468,10.428,64.888,1.511,36.756,-1.552,-0.376,286.429,62.747,102028.831,31.766,117.359,南方区域
安徽,安庆市,98.324,130.014,11.798,37.713,1.104,50.975,-1.234,-1.389,286.954,60.198,100047.851,30.557,116.473,南方区域
安徽,宣城市,74.518,97.408,11.214,45.272,0.986,42.109,-1.642,1.929,286.944,54.343,99992.69,30.676,118.846,南方区域
安徽,宿州市,148.616,251.005,13.956,48.282,1.386,32.348,-1.69,-0.509,284.597,69.1,102139.906,33.844,117.23,南方区域
安徽,池州市,72.752,96.232,12.606,35.198,1.0,43.111,-1.473,0.42,287.494,54.458,100207.239,30.296,117.379,南方区域
安徽,淮北市,168.076,269.102,13.608,49.932,1.442,27.642,-1.622,-0.592,284.83,65.676,102183.64,33.722,116.747,南方区域
安徽,淮南市,165.834,250.026,11.676,50.095,1.322,39.108,-1.695,-0.521,286.09,60.75,102209.163,32.463,116.746,南方区域
安徽,滁州市,154.16,213.282,12.77,59.122,1.44,38.652,-1.93,-0.306,285.856,65.258,101936.044,32.55,118.076,南方区域
安徽,芜湖市,126.989,149.231,12.352,68.644,1.623,37.132,-1.404,0.192,286.974,62.169,102193.41,31.167,118.162,南方区域
安徽,蚌埠市,152.424,232.918,14.592,48.088,1.314,39.546,-1.7,-0.393,285.46,65.594,102201.594,33.121,117.263,南方区域
安徽,铜陵市,116.746,150.034,11.981,64.044,1.56,35.998,-1.268,-0.407,287.095,61.689,102038.813,30.883,117.531,南方区域
安徽,阜阳市,193.914,312.389,9.324,43.234,1.497,31.496,-0.987,-1.644,284.937,59.11,102158.821,32.937,115.723,南方区域
安徽,马鞍山市,133.914,173.426,13.524,71.806,1.78,32.026,-1.808,0.189,286.561,62.527,102206.792,31.622,118.386,南方区域
安徽,黄山市,44.502,69.887,12.475,24.387,0.779,39.031,-2.188,0.507,286.742,51.936,97978.056,29.869,118.09,南方区域
山东,东营市,86.222,205.296,17.979,47.128,1.07,26.41,-0.65,-0.535,280.861,68.493,102557.1,37.57,118.572,北方区域
山东,临沂市,102.402,243.837,12.772,47.238,1.068,33.416,-1.564,-1.026,282.323,71.834,100681.93,35.289,118.27,北方区域
山东,威海市,30.721,98.517,7.548,21.362,0.646,48.424,0.058,-0.008,281.621,73.282,101880.876,37.148,122.028,北方区域
山东,德州市,102.732,262.842,18.35,58.18,1.252,18.465,-0.846,-0.134,280.298,62.854,102421.047,37.233,116.679,北方区域
山东,日照市,79.456,209.158,9.65,41.163,0.819,35.966,-1.092,-1.09,282.342,76.329,100800.477,35.566,119.108,北方区域
山东,枣庄市,123.607,276.021,14.56,52.8,1.268,27.095,-2.432,-0.29,283.154,68.42,101413.437,34.925,117.383,北方区域
山东,泰安市,124.266,304.703,18.434,58.145,1.4,21.688,-2.224,-0.302,281.137,69.527,100581.003,35.993,117.04,北方区域
山东,济南市,122.063,297.82,21.646,60.468,1.42,20.83,-1.356,0.833,280.677,67.285,100569.375,36.639,117.254,北方区域
山东,济宁市,123.292,301.176,15.688,55.812,1.423,19.265,-1.804,0.092,282.035,70.47,101883.65,35.375,116.697,北方区域
山东,淄博市,117.444,288.643,23.976,56.418,1.466,24.266,-0.501,0.768,280.606,69.401,99945.056,36.623,118.062,北方区域
山东,滨州市,92.39,223.665,19.726,54.098,1.192,22.261,-0.862,-0.309,280.722,65.565,102499.485,37.516,117.852,北方区域
山东,潍坊市,90.014,247.5,13.86,46.496,1.106,29.769,-0.17,0.019,281.244,73.791,101416.231,36.53,119.092,北方区域
山东,烟台市,50.538,152.278,8.92,31.989,0.929,35.04,-0.484,0.391,280.812,75.515,101383.124,37.25,120.789,北方区域
山东,聊城市,124.591,308.586,18.069,60.045,1.394,16.096,-0.848,-0.335,280.453,62.326,102192.268,36.458,115.863,北方区域
山东,菏泽市,157.511,321.094,14.442,54.588,1.474,17.876,-0.761,-1.138,281.726,65.152,102044.842,35.134,115.69,北方区域
山东,青岛市,59.234,185.388,9.263,36.126,0.86,35.641,-0.882,-0.265,282.067,76.514,101969.896,36.46,120.172,北方区域
山西,临汾市,114.422,215.834,48.082,65.821,2.009,25.827,1.021,-0.084,277.917,42.37,90674.063,36.227,111.398,北方区域
山西,吕梁市,71.843,153.81,49.993,52.237,1.277,23.59,1.935,0.324,275.682,40.228,88229.059,37.663,111.27,北方区域
山西,大同市,50.286,110.977,37.034,38.765,1.364,23.345,4.512,-0.442,272.652,39.171,87672.035,39.911,113.713,北方区域
山西,太原市,82.802,189.226,43.528,60.4,1.321,20.547,3.008,-0.722,276.01,35.658,88078.475,37.967,112.321,北方区域
山西,忻州市,62.671,133.314,33.269,43.031,0.965,28.97,3.241,-0.252,273.696,35.414,86548.252,38.877,112.391,北方区域
山西,晋中市,93.141,208.574,44.594,71.498,1.58,17.655,2.524,0.462,276.733,37.479,89029.522,37.328,112.997,北方区域
山西,晋城市,117.678,255.405,32.173,62.06,1.85,30.682,1.046,-0.934,278.177,40.68,91049.964,35.625,112.752,北方区域
山西,朔州市,61.754,147.154,46.609,49.66,1.139,22.925,4.813,0.479,272.921,39.774,87016.992,39.619,112.655,北方区域
山西,运城市,148.131,291.982,39.984,64.202,2.488,28.576,-0.58,-0.364,280.431,42.136,94944.722,35.205,111.071,北方区域
山西,长治市,99.769,219.892,38.354,66.237,1.718,23.813,1.774,0.347,277.202,39.043,89342.707,36.48,112.915,北方区域
山西,阳泉市,90.184,202.403,41.028,67.016,1.414,17.544,3.474,-0.598,276.643,32.748,90937.012,38.031,113.512,北方区域
广东,东莞市,46.482,66.054,10.448,45.83,0.754,48.918,-4.498,-2.636,292.657,62.934,101844.374,22.931,113.81,南方区域
广东,中山市,40.27,64.347,9.557,47.488,0.72,52.052,-4.509,-2.895,293.203,70.654,101827.111,22.5,113.383,南方区域
广东,云浮市,53.365,76.327,13.604,39.778,0.793,47.884,-4.061,-1.52,291.02,64.356,99810.886,22.776,111.818,南方区域
广东,佛山市,57.988,91.528,13.841,67.554,0.946,40.144,-2.866,-2.704,292.479,61.086,101895.828,23.035,112.979,南方区域
广东,广州市,46.391,66.022,11.016,43.495,0.743,48.171,-3.902,-2.344,292.25,60.82,100986.746,23.339,113.525,南方区域
广东,惠州市,36.72,52.486,10.546,22.091,0.618,57.612,-3.912,-3.168,291.386,65.274,100005.98,23.244,114.485,南方区域
广东,揭阳市,44.352,66.57,14.253,29.828,0.888,60.766,-4.596,-3.486,291.436,73.088,100632.706,23.323,116.123,南方区域
广东,梅州市,34.377,53.276,11.265,23.104,0.758,49.76,-3.154,-1.509,290.153,66.786,98598.614,24.169,116.07,南方区域
广东,汕头市,33.882,53.061,12.909,24.246,0.694,72.668,-5.657,-4.702,292.314,75.188,101762.948,23.339,116.614,南方区域
广东,汕尾市,39.146,57.144,12.378,21.96,0.715,64.298,-5.251,-3.893,291.69,71.683,100333.248,23.024,115.527,南方区域
广东,江门市,46.787,68.986,11.875,44.307,0.74,53.404,-4.148,-3.548,292.667,72.604,101248.396,22.289,112.676,南方区域
广东,河源市,37.117,55.989,11.836,21.41,0.693,52.358,-2.746,-2.888,289.896,65.123,98792.394,24.021,114.969,南方区域
广东,深圳市,36.003,55.686,9.104,35.372,0.654,54.966,-5.2,-2.913,292.655,68.992,101339.732,22.667,114.143,南方区域
广东,清远市,42.453,59.253,12.349,21.537,0.678,47.198,-2.294,-2.216,289.81,56.854,98300.008,24.295,112.871,南方区域
广东,湛江市,36.07,49.633,12.452,13.66,0.604,74.321,-5.788,-1.932,294.551,78.163,101590.173,21.091,110.163,南方区域
广东,潮州市,33.261,53.046,11.254,21.774,0.711,61.643,-5.634,-3.909,291.184,71.465,100072.024,23.755,116.754,南方区域
广东,珠海市,34.126,50.421,10.309,30.088,0.535,65.011,-5.228,-3.727,293.69,78.146,101879.747,22.095,113.317,南方区域
广东,肇庆市,49.084,68.608,12.712,32.504,0.691,45.098,-4.13,-2.1,291.13,57.971,99933.306,23.505,112.199,南方区域
广东,茂名市,43.303,60.716,13.646,19.412,0.696,67.393,-5.704,-1.785,293.004,68.778,99817.688,22.013,110.952,南方区域
广东,阳江市,49.796,66.45,12.662,27.44,0.729,62.554,-4.217,-3.634,292.22,72.61,100383.744,22.042,111.786,南方区域
广东,韶关市,39.971,60.446,12.972,22.867,0.867,44.068,-2.432,-1.884,288.914,58.692,97524.69,24.785,113.819,南方区域
广西,北海市,46.907,59.842,15.558,16.766,0.85,68.639,-4.936,-1.345,294.39,67.953,101652.162,21.674,109.37,南方区域
广西,南宁市,60.896,90.148,13.561,27.694,0.888,46.103,-2.726,-1.97,291.14,63.826,99863.967,23.051,108.469,南方区域
广西,崇左市,54.168,86.743,15.23,19.75,0.745,51.843,-2.318,-1.391,290.66,68.908,98551.65,22.483,107.291,南方区域
广西,来宾市,54.246,78.681,12.756,18.763,0.732,52.328,-2.601,-1.036,290.476,57.476,98698.535,23.859,109.417,南方区域
广西,柳州市,50.291,72.596,13.911,16.279,0.665,50.298,-1.676,-0.532,289.486,57.463,98100.054,24.956,109.372,南方区域
广西,桂林市,51.492,70.016,13.127,18.73,0.641,49.129,-2.039,-0.416,288.859,55.502,96473.482,25.353,110.513,南方区域
广西,梧州市,49.162,73.452,15.138,23.963,0.758,48.58,-4.108,-1.078,290.942,57.831,99536.653,23.484,110.996,南方区域
广西,河池市,52.156,74.982,13.976,10.357,0.65,50.391,-1.478,1.41,288.819,65.238,95710.311,24.628,107.843,南方区域
广西,玉林市,50.789,71.902,18.11,23.67,0.858,60.159,-4.314,-1.54,292.583,65.15,99896.711,22.452,110.164,南方区域
广西,百色市,47.33,64.446,14.867,9.07,0.624,61.628,-0.986,2.348,289.05,69.595,93575.361,23.981,106.292,南方区域
广西,贵港市,55.308,81.974,15.886,22.976,0.828,57.31,-3.961,-2.345,291.487,56.962,100378.51,23.322,110.021,南方区域
广西,贺州市,45.576,66.474,13.906,16.852,0.66,43.94,-2.864,-0.918,290.07,53.352,97716.913,24.364,111.394,南方区域
广西,钦州市,49.716,68.384,14.383,21.96,0.904,59.908,-3.882,-2.148,293.247,65.342,100959.315,22.173,109.01,南方区域
广西,防城港市,49.216,70.715,13.628,21.164,0.793,56.724,-2.771,-2.993,291.999,70.866,99361.153,21.88,108.002,南方区域
新疆,乌鲁木齐市,27.345,76.443,3.091,15.054,0.652,53.132,0.18,2.047,273.52,46.723,84594.276,43.746,87.818,西北地区
新疆,五家渠市,47.222,118.979,5.465,22.464,0.795,35.478,-2.017,-0.566,274.249,67.543,97117.576,44.363,87.517,西北地区
新疆,伊犁哈萨克自治州,15.605,22.732,3.192,6.36,0.6,59.707,0.973,1.724,272.959,51.637,80697.588,43.438,82.146,西北地区
新疆,克孜勒苏柯尔克孜自治州,6.341,12.999,0.804,2.16,0.266,71.869,6.36,-2.534,269.811,39.69,70772.19,39.661,75.949,西北地区
新疆,克拉玛依市,21.92,105.14,2.842,9.31,0.369,45.644,-1.21,-1.172,271.219,65.728,98040.708,45.457,85.207,西北地区
新疆,北屯市,4.401,5.294,4.382,8.666,0.826,38.58,-3.674,4.196,270.068,69.453,96096.977,47.27,87.868,西北地区
新疆,博尔塔拉蒙古自治州,18.484,51.208,4.77,6.894,0.492,52.488,3.56,3.046,272.696,55.972,86499.955,44.714,82.114,西北地区
新疆,双河市,33.39,118.763,10.644,12.926,0.665,35.239,-0.58,-0.544,273.156,63.036,98508.03,44.87,82.474,西北地区
新疆,可克达拉市,63.76,84.227,12.527,26.518,2.027,28.132,-3.053,0.671,279.309,51.335,95338.446,43.918,80.786,西北地区
新疆,和田地区,6.938,10.401,1.564,1.638,0.234,67.377,3.857,0.549,271.19,35.965,74468.642,37.059,80.934,西北地区
新疆,哈密市,5.932,8.103,1.553,1.28,0.234,58.852,2.33,1.499,274.034,39.903,88822.708,43.042,93.517,西北地区
新疆,喀什地区,21.623,37.042,3.142,4.772,0.494,64.874,4.26,1.004,271.552,39.832,76628.814,38.125,77.178,西北地区
新疆,图木舒克市,17.199,20.408,5.964,3.458,0.334,52.734,1.082,0.548,276.736,45.768,89935.922,39.892,79.182,西北地区
新疆,塔城地区,13.832,38.868,2.649,5.24,0.338,54.776,2.074,0.426,271.885,64.894,89913.502,45.642,84.789,西北地区
新疆,巴音郭楞蒙古自治州,4.926,7.672,0.838,0.738,0.167,59.676,3.718,0.328,271.541,41.327,79689.916,39.463,87.481,西北地区
新疆,新星市,27.594,51.451,7.35,9.314,0.774,40.86,-0.662,0.37,275.339,32.622,93470.535,42.75,93.68,西北地区
新疆,昆玉市,28.025,55.916,10.843,12.831,0.924,50.246,0.05,-0.125,279.105,37.986,87591.689,37.457,79.093,西北地区
新疆,昌吉回族自治州,19.742,50.808,2.889,7.949,0.456,56.886,0.1,1.388,273.957,54.174,90306.47,44.342,88.608,西北地区
新疆,石河子市,80.154,176.504,11.3,37.371,1.198,27.916,0.148,0.151,274.498,57.828,95147.142,44.245,86.035,西北地区
新疆,胡杨河市,39.659,115.204,3.526,10.984,0.526,39.708,-3.327,-0.919,270.404,71.194,98516.483,44.852,84.772,西北地区
新疆,铁门关市,28.656,75.863,3.633,6.604,0.426,59.322,1.898,0.392,277.272,34.279,92410.032,41.773,85.66,西北地区
新疆,阿克苏地区,20.526,32.746,2.577,3.897,0.367,57.618,1.31,-0.378,274.64,43.18,85876.114,40.965,81.578,西北地区
新疆,阿勒泰地区,3.462,4.956,2.338,2.869,0.359,59.395,-2.596,3.752,269.218,68.418,88788.192,46.902,88.421,西北地区
新疆,阿拉尔市,40.449,66.968,3.346,7.805,0.595,47.88,0.147,0.417,275.711,45.21,90826.646,40.629,80.998,西北地区
江苏,南京市,145.504,195.74,13.606,71.07,1.675,33.14,-1.965,0.446,286.431,62.0,102269.874,31.899,118.876,南方区域
江苏,南通市,125.746,164.956,18.905,50.585,1.166,56.691,-1.18,0.96,287.14,73.597,102458.182,32.201,120.979,南方区域
江苏,宿迁市,118.152,214.213,12.685,42.372,1.26,41.654,-1.784,-0.172,285.403,72.401,102394.016,33.765,118.495,南方区域
江苏,常州市,136.859,194.834,14.209,78.154,1.636,32.862,-1.772,1.193,287.048,64.719,102335.95,31.613,119.666,南方区域
江苏,徐州市,130.431,252.074,13.24,48.678,1.297,29.732,-1.727,-0.719,283.852,70.456,102149.622,34.363,117.513,南方区域
江苏,扬州市,167.542,228.772,12.912,57.17,1.61,38.21,-1.874,0.154,286.12,69.842,102440.721,32.709,119.486,南方区域
江苏,无锡市,131.32,193.05,15.609,84.293,1.546,28.94,-1.588,1.279,287.311,67.158,102250.647,31.546,120.066,南方区域
江苏,泰州市,161.709,218.696,14.964,58.704,1.555,41.488,-1.625,0.316,286.478,71.964,102410.456,32.605,120.048,南方区域
江苏,淮安市,140.689,226.858,12.372,47.539,1.386,40.514,-1.75,-0.055,285.665,72.761,102387.906,33.362,118.985,南方区域
江苏,盐城市,129.026,181.434,14.584,39.184,1.14,50.591,-1.358,0.228,286.259,74.597,102459.124,33.529,120.156,南方区域
江苏,苏州市,104.04,157.907,15.127,82.632,1.208,34.998,-1.373,1.406,287.512,71.86,102424.03,31.374,120.661,南方区域
江苏,连云港市,85.19,167.147,11.526,31.478,0.892,46.546,-1.638,-0.28,285.024,73.174,102290.06,34.519,119.133,南方区域
江苏,镇江市,156.19,211.798,14.47,73.82,1.755,32.34,-1.902,0.726,286.682,65.034,102314.673,32.016,119.49,南方区域
江西,上饶市,46.183,74.948,19.718,28.558,0.722,39.344,-2.28,-0.53,288.432,48.828,100035.904,28.778,117.47,南方区域
江西,九江市,58.658,78.785,13.704,24.668,0.742,51.781,-1.704,0.147,287.815,58.963,99980.269,29.313,115.444,南方区域
江西,南昌市,49.324,86.968,17.148,33.082,0.827,40.639,-1.192,-0.889,288.624,61.224,101890.24,28.671,116.016,南方区域
江西,吉安市,44.708,73.953,17.742,21.154,0.774,50.654,-1.216,-0.558,288.056,59.817,99560.26,26.954,114.831,南方区域
江西,宜春市,50.728,83.95,18.591,31.224,0.858,46.704,-1.701,-0.656,287.686,58.516,99931.31,28.29,114.974,南方区域
江西,抚州市,36.384,57.154,15.334,16.867,0.538,49.944,-1.849,-0.142,288.476,55.079,99577.454,27.514,116.42,南方区域
江西,新余市,55.451,94.717,27.994,43.099,1.101,40.154,-1.297,-0.898,287.698,61.206,100868.358,27.847,114.836,南方区域
江西,景德镇市,44.652,72.557,18.494,24.95,0.718,35.622,-2.026,-0.962,288.201,50.316,100887.484,29.287,117.24,南方区域
江西,萍乡市,49.46,82.14,19.734,27.247,1.112,45.305,-3.359,0.35,288.428,51.898,98537.798,27.505,113.908,南方区域
江西,赣州市,36.184,59.252,13.958,18.044,0.807,51.064,-1.422,-1.386,288.246,62.302,97868.442,25.692,115.279,南方区域
江西,鹰潭市,42.793,70.196,20.841,27.206,0.658,42.426,-2.214,-0.212,288.836,48.359,100550.668,28.222,117.094,南方区域
河北,保定市,78.806,160.804,18.806,55.026,1.176,18.064,0.48,-0.768,276.732,37.086,98630.396,39.018,115.159,北方区域
河北,唐山市,68.655,143.63,28.708,55.799,1.512,14.566,-0.365,-1.556,276.336,44.608,101985.674,39.731,118.354,北方区域
河北,廊坊市,79.86,172.046,16.983,63.489,1.365,12.598,-0.574,-0.359,276.819,46.692,102560.838,39.267,116.632,北方区域
河北,张家口市,25.422,53.956,13.221,19.38,0.611,34.844,4.334,-1.068,270.523,42.374,88093.222,40.877,115.042,北方区域
河北,承德市,27.499,57.808,9.871,24.932,0.686,28.238,3.26,-0.448,269.897,45.048,91500.445,41.339,117.578,北方区域
河北,沧州市,78.804,182.656,16.55,56.506,1.088,19.312,-0.952,-0.419,278.92,60.335,102557.076,38.258,116.744,北方区域
河北,石家庄市,100.342,236.453,24.526,64.434,1.442,16.148,0.371,-0.786,277.657,37.801,99186.823,38.135,114.407,北方区域
河北,秦皇岛市,54.695,111.429,23.317,44.754,1.408,22.194,1.248,-1.39,274.774,43.283,99593.157,40.12,119.193,北方区域
河北,衡水市,96.008,232.284,16.399,56.752,1.28,18.252,-0.65,-0.752,278.568,57.975,102417.062,37.755,115.813,北方区域
河北,邢台市,105.922,272.586,20.083,61.488,1.466,15.944,0.156,-1.21,278.978,45.451,100863.614,37.195,114.815,北方区域
河北,邯郸市,116.178,292.306,22.849,61.124,1.669,14.9,0.41,-1.203,279.735,45.976,100362.876,36.538,114.596,北方区域
河南,三门峡市,117.198,231.152,19.636,50.786,1.376,36.8,1.17,0.108,279.822,49.851,92495.282,34.362,111.101,北方区域
河南,信阳市,177.807,292.178,10.566,40.722,1.382,36.586,-0.496,-1.589,284.871,60.338,101167.194,32.091,114.907,北方区域
河南,南阳市,156.605,281.704,12.592,43.482,1.356,32.048,-0.832,-1.792,282.502,50.366,99092.696,33.034,112.323,北方区域
河南,周口市,196.838,347.438,11.838,46.311,1.584,22.145,-0.401,-2.57,282.818,58.228,101979.605,33.738,114.884,北方区域
河南,商丘市,179.48,314.26,11.664,50.328,1.486,21.064,-0.654,-1.606,282.994,64.669,102051.98,34.277,115.718,北方区域
河南,安阳市,121.176,287.358,22.072,58.442,1.666,17.952,0.272,-1.614,280.232,45.158,99944.826,35.888,114.318,北方区域
河南,平顶山市,150.846,310.01,16.842,53.425,1.414,21.028,0.052,-1.398,281.756,47.004,99764.786,33.8,113.025,北方区域
河南,开封市,174.172,328.708,16.414,53.406,1.486,20.014,-0.298,-2.176,281.459,53.699,101737.505,34.594,114.514,北方区域
河南,新乡市,131.027,299.099,20.05,59.087,1.538,19.437,-0.233,-1.918,281.084,45.285,100785.293,35.256,114.111,北方区域
河南,洛阳市,126.883,258.644,18.832,51.875,1.37,32.22,0.866,-0.466,280.564,46.896,94959.577,34.274,112.019,北方区域
河南,济源市,115.478,262.76,26.406,61.857,1.648,26.705,0.308,-1.296,280.821,38.945,96854.832,35.105,112.445,北方区域
河南,漯河市,189.448,353.003,14.851,51.945,1.604,17.346,-0.166,-2.46,281.742,54.032,101846.078,33.652,113.945,北方区域
河南,濮阳市,145.43,319.578,19.777,58.242,1.513,15.869,-0.521,-1.529,280.506,60.092,102051.713,35.809,115.283,北方区域
河南,焦作市,127.044,311.34,23.234,63.114,1.652,19.208,0.198,-0.265,282.018,38.402,100580.35,35.121,113.163,北方区域
河南,许昌市,168.553,335.395,17.648,56.511,1.509,17.32,-0.304,-2.182,281.684,49.457,101150.581,34.075,113.707,北方区域
河南,郑州市,146.789,330.028,18.906,62.662,1.445,17.528,-0.015,-0.808,281.338,44.944,99796.07,34.634,113.438,北方区域
河南,驻马店市,196.84,350.075,10.325,44.13,1.534,25.674,-0.33,-2.907,283.064,54.849,101501.243,32.925,114.174,北方区域
河南,鹤壁市,119.075,289.752,21.028,59.111,1.68,17.475,0.654,-1.69,280.572,44.993,101157.177,35.716,114.319,北方区域
浙江,丽水市,36.931,59.832,9.758,27.011,0.592,42.168,-2.53,1.549,285.709,62.915,95272.181,28.194,119.51,南方区域
浙江,台州市,45.062,74.216,10.208,35.076,0.617,47.002,-1.354,-1.132,287.435,74.242,99636.772,28.742,121.109,南方区域
浙江,嘉兴市,69.348,117.572,11.413,75.75,0.968,35.138,-1.329,1.186,287.532,72.515,102429.438,30.635,120.754,南方区域
浙江,宁波市,50.104,78.784,11.772,46.292,0.712,47.302,-1.265,0.035,287.696,76.112,101182.177,29.706,121.49,南方区域
浙江,杭州市,56.624,92.972,10.156,46.058,0.883,30.986,-1.279,0.268,286.37,57.823,99449.196,29.891,119.464,南方区域
浙江,温州市,40.651,73.102,10.252,38.636,0.664,39.583,-1.394,-1.766,286.934,75.895,98412.465,27.897,120.411,南方区域
浙江,湖州市,81.009,127.614,12.106,69.41,1.104,29.25,-1.169,1.388,286.746,61.194,101112.397,30.757,119.871,南方区域
浙江,绍兴市,59.896,92.84,10.322,53.376,0.834,33.539,-1.504,1.482,286.98,65.506,100310.974,29.709,120.64,南方区域
浙江,舟山市,32.516,50.216,10.23,12.57,0.458,68.637,-1.756,-1.132,288.916,75.212,102214.61,30.038,122.23,南方区域
浙江,衢州市,44.218,70.63,13.502,40.148,0.716,37.382,-2.556,-0.219,287.643,47.93,98631.371,28.912,118.675,南方区域
浙江,金华市,48.242,79.196,9.32,46.053,0.745,32.427,-2.054,1.422,286.797,62.421,98925.585,29.109,119.967,南方区域
海南,万宁市,20.709,33.482,6.549,4.596,0.353,71.982,-3.627,-5.958,295.328,90.644,100447.966,18.842,110.294,南方区域
海南,三亚市,14.741,24.464,5.631,6.435,0.426,59.991,-6.152,-4.246,296.36,76.782,99140.46,18.413,109.407,南方区域
海南,东方市,21.931,29.608,8.621,4.459,0.325,66.858,-3.707,-2.71,296.284,77.192,99810.516,18.971,108.838,南方区域
海南,临高县,25.405,39.131,8.358,8.868,0.462,63.138,-5.399,-2.492,295.181,87.704,101089.425,19.821,109.733,南方区域
海南,乐东黎族自治县,18.309,26.027,6.684,4.47,0.338,63.05,-4.402,-3.54,295.598,78.436,98268.606,18.659,109.072,南方区域
海南,五指山市,21.418,30.314,6.966,4.563,0.349,62.072,-5.601,-3.699,292.904,89.35,95075.536,18.81,109.518,南方区域
海南,儋州市,27.385,39.692,9.117,7.294,0.424,62.404,-5.324,-1.884,295.202,86.776,100725.301,19.568,109.399,南方区域
海南,定安县,21.42,34.709,5.05,7.758,0.474,61.31,-4.414,-3.212,295.246,88.309,100772.665,19.47,110.28,南方区域
海南,屯昌县,23.21,36.275,6.392,7.723,0.458,60.451,-3.818,-2.546,294.711,89.943,99980.968,19.342,110.076,南方区域
海南,文昌市,19.825,33.058,4.836,5.301,0.404,71.623,-5.546,-4.463,295.701,89.054,101555.701,19.707,110.773,南方区域
海南,昌江黎族自治县,25.213,34.216,9.21,4.934,0.352,66.6,-6.018,-2.614,294.816,85.002,98818.038,19.233,109.016,南方区域
海南,海口市,21.338,35.463,5.678,8.517,0.48,64.4,-5.444,-3.38,295.429,88.388,101369.318,19.842,110.393,南方区域
海南,澄迈县,23.896,38.02,6.961,10.003,0.5,58.318,-4.754,-2.56,295.14,88.246,100910.74,19.676,109.989,南方区域
海南,琼中黎族苗族自治县,25.138,37.207,7.476,6.06,0.404,59.774,-3.58,-2.634,293.404,93.702,97772.056,19.087,109.847,南方区域
海南,琼海市,19.302,32.016,5.511,5.267,0.396,70.301,-3.726,-4.008,295.737,88.184,101312.22,19.22,110.43,南方区域
海南,白沙黎族自治县,26.11,36.742,8.674,5.432,0.385,62.144,-4.732,-1.547,293.46,91.604,97479.835,19.2,109.388,南方区域
海南,陵水黎族自治县,18.464,29.32,6.4,4.9,0.373,65.511,-4.592,-6.466,295.63,84.593,99733.476,18.581,109.913,南方区域
湖北,仙桃市,133.59,196.344,12.428,39.28,1.441,40.262,-1.793,-2.044,287.706,62.201,102099.242,30.284,113.417,南方区域
湖北,十堰市,98.288,169.966,14.071,26.583,1.0,38.797,-0.051,-0.421,281.152,65.176,94087.643,32.462,110.476,南方区域
湖北,咸宁市,72.773,107.492,12.64,29.756,0.995,50.912,-1.486,0.617,288.235,55.247,100172.357,29.621,114.178,南方区域
湖北,天门市,144.605,239.508,13.5,40.656,1.6,38.88,-1.636,-2.811,286.798,59.337,102075.294,30.633,113.053,南方区域
湖北,孝感市,147.026,240.388,14.713,38.668,1.513,38.492,-1.778,-2.65,286.183,60.897,101482.268,31.116,113.869,南方区域
湖北,宜昌市,106.128,143.99,13.572,30.502,1.032,34.624,-0.65,-0.486,284.006,66.377,94878.316,30.746,111.129,南方区域
湖北,恩施土家族苗族自治州,68.456,95.685,14.55,14.407,0.903,29.121,-0.718,1.27,282.388,79.986,90225.422,30.195,109.552,南方区域
湖北,武汉市,123.427,171.324,17.422,48.046,1.43,34.34,-1.883,-0.976,287.761,63.195,102002.126,30.606,114.349,南方区域
湖北,潜江市,140.642,240.512,13.328,41.266,1.65,38.97,-1.377,-2.786,287.072,58.904,102072.487,30.33,112.77,南方区域
湖北,神农架林区,63.024,80.174,13.712,10.115,0.56,50.061,1.313,1.774,278.811,79.926,83517.954,31.592,110.49,南方区域
湖北,荆州市,127.416,200.854,14.617,38.59,1.466,42.533,-1.092,-2.446,287.516,58.904,101823.015,30.01,112.512,南方区域
湖北,荆门市,160.774,248.358,14.425,42.422,1.48,36.572,-0.462,-3.39,285.678,55.692,101063.378,31.059,112.616,南方区域
湖北,襄阳市,151.472,244.908,13.36,37.844,1.27,34.694,0.056,-1.813,283.27,57.096,98309.843,31.919,111.96,南方区域
湖北,鄂州市,92.32,131.102,16.972,48.802,1.291,38.365,-1.994,0.385,288.03,62.694,102045.633,30.337,114.794,南方区域
湖北,随州市,162.516,272.739,13.411,38.782,1.432,34.917,-1.512,-2.15,284.732,56.082,100363.234,31.809,113.43,南方区域
湖北,黄冈市,98.634,136.917,13.94,32.808,1.058,50.49,-2.182,-0.226,287.282,58.948,100292.068,30.702,115.358,南方区域
湖北,黄石市,73.72,103.147,14.652,38.543,1.06,46.24,-2.327,0.98,288.009,62.843,101038.512,29.925,115.034,南方区域
湖南,娄底市,64.29,103.224,13.8,35.794,1.368,41.594,-1.306,-0.513,287.266,56.534,97941.06,27.715,111.632,南方区域
湖南,岳阳市,81.69,123.212,13.991,28.842,1.083,52.234,-1.543,-0.072,288.382,54.115,100878.942,29.081,113.275,南方区域
湖南,常德市,94.641,143.902,14.064,31.833,1.29,46.676,-0.706,-2.19,286.58,64.172,100091.278,29.271,111.524,南方区域
湖南,张家界市,65.89,102.701,10.144,22.126,0.94,41.968,-1.96,-1.243,284.837,72.088,96082.603,29.379,110.526,南方区域
湖南,怀化市,55.928,85.494,11.094,19.836,0.917,43.181,-1.448,-0.282,287.389,60.006,96991.538,27.535,110.071,南方区域
湖南,株洲市,51.846,80.308,16.456,26.353,0.968,46.549,-2.426,-0.139,288.691,49.744,98659.628,27.109,113.513,南方区域
湖南,永州市,52.287,73.448,12.77,20.435,0.698,46.921,-1.44,-0.53,288.815,53.126,97227.676,25.748,111.723,南方区域
湖南,湘潭市,76.13,111.623,15.934,44.246,1.269,40.023,-0.8,-1.414,287.996,58.346,100976.356,27.744,112.619,南方区域
湖南,湘西土家族苗族自治州,54.133,85.014,7.494,20.878,0.848,29.624,-2.272,-0.967,285.236,71.993,95986.334,28.708,109.718,南方区域
湖南,益阳市,78.294,127.993,12.234,31.986,1.346,50.052,-0.818,-0.558,287.244,60.932,99560.344,28.525,111.919,南方区域
湖南,衡阳市,66.055,95.457,16.122,38.668,1.067,34.838,-0.957,-1.192,288.839,53.976,100458.692,26.781,112.565,南方区域
湖南,邵阳市,65.1,88.02,14.024,23.002,0.885,46.685,-1.536,0.059,287.414,54.977,95670.084,26.893,110.881,南方区域
湖南,郴州市,39.73,63.454,13.146,22.79,0.863,44.712,-1.265,-0.026,288.646,49.95,96393.338,25.769,113.109,南方区域
湖南,长沙市,74.299,108.132,16.158,37.385,1.122,44.212,-1.881,-0.289,288.136,55.482,100380.547,28.235,113.159,南方区域
甘肃,临夏回族自治州,51.237,133.012,11.178,28.984,1.378,47.591,1.194,0.281,275.226,43.116,77913.316,35.617,103.291,西北地区
甘肃,兰州市,54.582,144.768,19.364,43.408,1.214,39.344,0.516,-0.583,275.204,41.924,79566.788,36.359,103.633,西北地区
甘肃,嘉峪关市,30.59,105.244,12.57,25.508,0.547,46.392,4.15,-1.954,275.264,30.61,82153.774,39.798,98.145,西北地区
甘肃,天水市,51.724,128.66,10.244,26.564,1.044,38.948,0.404,-0.624,276.553,55.224,83209.989,34.645,105.739,西北地区
甘肃,定西市,43.634,114.76,8.817,21.39,0.995,48.431,1.18,-1.301,274.432,46.542,77683.438,35.124,104.432,西北地区
甘肃,平凉市,58.234,156.428,11.816,32.473,0.94,36.083,0.836,-1.305,276.746,49.349,85084.855,35.304,106.644,西北地区
甘肃,庆阳市,45.517,113.732,14.224,25.32,0.698,38.47,1.396,-1.384,276.26,48.61,86378.548,36.149,107.596,西北地区
甘肃,张掖市,12.43,27.097,3.354,6.558,0.272,59.994,3.726,0.151,271.029,45.144,75012.792,38.94,99.855,西北地区
甘肃,武威市,21.447,35.772,6.046,9.458,0.457,53.601,2.34,-0.52,274.446,41.258,81902.403,38.163,103.073,西北地区
甘肃,甘南藏族自治州,6.378,13.279,1.856,4.83,0.314,64.617,4.646,-0.857,269.36,54.338,67919.396,34.331,102.768,西北地区
甘肃,白银市,52.86,137.669,17.006,33.096,0.952,38.567,1.213,-0.638,275.451,43.244,81999.392,36.59,104.646,西北地区
甘肃,酒泉市,4.375,8.362,1.225,1.786,0.172,60.434,4.122,0.471,272.336,41.888,79553.434,40.236,96.062,西北地区
甘肃,金昌市,22.66,51.284,9.266,13.274,0.46,54.52,3.558,-0.938,275.177,38.174,81084.588,38.44,102.048,西北地区
甘肃,陇南市,40.984,88.186,9.26,23.19,0.943,36.86,-0.136,-2.062,277.258,57.281,82725.044,33.599,105.224,西北地区
福建,三明市,27.758,41.303,11.307,16.628,0.52,46.612,-2.95,-0.123,286.906,67.941,95832.34,26.29,117.395,南方区域
福建,南平市,27.852,43.752,13.826,15.371,0.508,51.409,-2.035,-0.036,287.152,57.408,96641.2,27.324,118.143,南方区域
福建,厦门市,28.796,55.454,9.257,27.748,0.51,53.6,-4.54,-6.64,290.906,75.368,101020.712,24.642,118.11,南方区域
福建,宁德市,28.467,45.28,9.965,16.538,0.496,53.348,-2.354,-2.018,286.432,74.055,95986.132,26.968,119.474,南方区域
福建,泉州市,27.231,46.626,8.433,18.418,0.474,58.343,-3.619,-4.114,288.31,78.603,97239.748,25.201,118.249,南方区域
福建,漳州市,30.476,52.18,9.635,22.908,0.548,54.044,-3.738,-3.798,289.61,76.562,98833.569,24.372,117.444,南方区域
福建,福州市,26.578,45.909,8.193,19.132,0.489,60.946,-3.149,-4.402,288.132,80.968,98067.492,26.083,119.206,南方区域
福建,莆田市,26.388,45.094,8.585,17.204,0.464,67.013,-3.604,-6.235,289.231,80.342,98790.975,25.445,118.864,南方区域
福建,龙岩市,25.966,40.688,10.849,18.087,0.528,46.722,-2.563,-0.829,288.222,63.624,95776.492,25.256,116.739,南方区域
西藏,山南市,6.152,7.735,0.303,1.76,0.144,80.968,4.228,-0.444,275.782,39.22,66561.679,28.295,92.274,青藏地区
西藏,拉萨市,4.254,6.944,0.053,3.305,0.173,78.928,5.11,-0.491,268.586,42.695,56903.49,30.043,91.093,青藏地区
西藏,日喀则市,3.024,3.759,0.185,0.598,0.141,81.081,8.36,-0.797,267.912,29.725,55697.48,29.483,86.493,青藏地区
西藏,昌都市,1.157,2.141,0.041,1.64,0.144,75.632,4.564,0.489,267.019,46.992,59384.805,30.753,97.044,青藏地区
西藏,林芝市,2.877,3.15,0.174,1.555,0.118,78.938,1.048,-0.438,274.056,43.218,66784.943,29.184,95.25,青藏地区
西藏,玉树藏族自治州,0.881,1.144,0.099,0.678,0.138,74.968,5.092,-0.782,262.068,60.99,57549.818,34.196,94.317,青藏地区
西藏,那曲市,0.566,0.649,0.042,0.212,0.128,80.246,6.683,-1.242,264.0,48.98,55722.586,32.709,89.262,青藏地区
西藏,阿里地区,0.934,1.151,0.099,0.706,0.122,80.156,7.903,-1.256,262.732,37.838,55144.034,33.013,82.553,青藏地区
贵州,六盘水市,31.876,52.774,12.902,15.104,0.578,60.552,0.842,2.129,284.025,69.834,83568.455,26.106,104.896,南方区域
贵州,安顺市,37.296,55.533,12.669,11.014,0.46,63.085,-1.106,2.372,285.107,77.504,88722.332,25.986,105.978,南方区域
贵州,毕节市,37.834,55.856,11.842,14.333,0.596,52.582,1.164,1.257,282.299,76.655,83935.053,27.063,105.211,南方区域
贵州,贵阳市,45.317,70.039,14.478,29.462,0.636,38.972,1.124,2.442,283.71,81.768,88787.954,26.845,106.71,南方区域
贵州,遵义市,49.265,66.432,16.356,17.062,0.656,36.264,-0.474,0.725,283.692,81.605,91012.756,28.167,107.102,南方区域
贵州,铜仁市,40.443,73.016,13.846,15.968,0.825,38.165,-1.451,0.838,285.289,72.806,93424.744,27.937,108.534,南方区域
贵州,黔东南苗族侗族自治州,42.848,64.474,16.559,8.868,0.595,55.71,-0.356,1.424,286.576,66.092,93305.288,26.495,108.574,南方区域
贵州,黔南布依族苗族自治州,43.782,62.993,14.612,10.708,0.49,55.653,-0.204,2.178,285.83,73.668,90979.729,26.0,107.265,南方区域
贵州,黔西南布依族苗族自治州,27.692,44.632,11.756,7.142,0.472,67.984,0.032,3.178,286.996,69.982,89091.18,25.256,105.467,南方区域
辽宁,丹东市,30.882,54.196,14.116,22.196,0.787,36.142,0.416,-0.937,271.638,44.984,99538.585,40.554,124.376,北方区域
辽宁,大连市,38.342,78.297,13.732,28.758,0.728,36.166,-0.668,-0.946,276.172,48.783,101822.009,39.591,122.22,北方区域
辽宁,抚顺市,29.298,54.43,11.559,21.86,0.652,37.175,2.533,1.708,268.922,41.728,97674.191,41.841,124.65,北方区域
辽宁,朝阳市,42.586,92.154,21.547,28.583,1.073,27.818,2.71,0.067,271.756,35.714,97162.333,41.545,120.053,北方区域
辽宁,本溪市,28.072,52.568,12.7,22.703,0.739,35.97,1.387,0.833,269.106,44.832,97021.284,41.232,124.544,北方区域
辽宁,沈阳市,38.558,78.977,19.78,30.354,0.768,27.64,1.457,1.163,271.772,32.278,102021.193,42.081,123.159,北方区域
辽宁,盘锦市,47.201,92.813,25.566,38.047,1.032,29.13,0.81,-0.185,274.174,37.93,102700.308,41.13,122.01,北方区域
辽宁,营口市,38.24,75.727,15.349,32.365,0.876,34.063,-0.274,0.504,273.754,43.282,100386.267,40.395,122.478,北方区域
辽宁,葫芦岛市,51.012,106.563,26.006,37.372,1.226,27.092,2.048,-0.847,274.092,37.03,100050.619,40.66,120.215,北方区域
辽宁,辽阳市,36.62,76.518,17.566,32.583,0.902,29.924,0.322,1.14,272.318,40.83,100616.318,41.153,123.261,北方区域
辽宁,铁岭市,31.408,60.902,12.32,21.974,0.641,34.908,3.22,1.856,269.686,34.718,100356.022,42.653,124.158,北方区域
辽宁,锦州市,49.946,96.13,27.802,32.67,0.974,29.206,1.468,-0.101,272.985,32.458,101834.002,41.502,121.659,北方区域
辽宁,阜新市,36.855,67.476,22.341,22.324,0.698,31.786,2.32,0.416,270.831,30.143,100256.899,42.289,121.968,北方区域
辽宁,鞍山市,36.186,73.22,16.433,30.382,0.907,32.708,0.306,0.031,272.842,41.521,100687.796,40.731,123.007,北方区域
重庆,重庆城区,59.989,80.974,15.551,28.275,0.841,23.02,-0.599,-0.148,284.852,78.394,95649.088,29.824,107.125,南方区域
重庆,重庆郊县,61.095,84.087,18.748,16.214,0.78,32.71,-1.496,0.641,283.336,77.688,91771.356,30.334,108.755,南方区域
陕西,咸阳市,110.637,238.194,18.162,64.328,1.351,22.582,-0.115,-1.957,280.116,43.976,92162.548,34.779,108.367,南方区域
陕西,商洛市,78.658,149.584,11.55,33.192,0.871,40.896,0.518,-0.881,279.198,58.413,90004.452,33.64,109.889,南方区域
陕西,安康市,61.764,98.028,13.506,22.253,0.76,35.145,-0.408,-0.471,280.018,70.076,90563.29,32.735,108.932,南方区域
陕西,宝鸡市,69.595,150.206,9.832,36.52,0.828,34.301,-0.063,-0.924,278.388,52.71,86961.947,34.386,107.193,南方区域
陕西,延安市,52.897,115.746,24.65,45.212,1.304,27.747,1.716,-0.942,276.64,46.804,88154.368,36.432,109.316,南方区域
陕西,榆林市,45.032,107.752,27.393,45.744,1.134,26.534,2.274,-0.199,275.227,43.242,88506.154,38.041,109.581,南方区域
陕西,汉中市,58.05,89.54,11.062,20.516,0.902,32.814,-1.168,-1.04,280.115,67.126,89601.59,33.088,107.098,南方区域
陕西,渭南市,120.355,253.549,28.228,66.428,1.773,23.527,0.021,-1.116,281.275,43.278,94545.384,34.919,109.855,南方区域
陕西,西安市,106.872,222.01,14.658,57.364,1.172,27.659,1.272,0.394,280.187,53.014,91217.024,34.12,108.77,南方区域
陕西,铜川市,82.291,165.343,23.464,59.88,1.348,25.804,0.389,-2.404,278.811,43.805,89800.668,35.198,109.058,南方区域
青海,保亭黎族苗族自治县,16.77,26.196,6.098,5.802,0.397,61.038,-5.304,-4.903,294.784,83.574,97571.65,18.566,109.618,青藏地区
青海,吐鲁番市,22.89,80.584,2.891,5.634,0.534,55.304,1.164,0.605,275.377,33.835,90939.626,42.386,89.851,青藏地区
青海,果洛藏族自治州,0.958,1.128,0.132,0.857,0.134,69.066,6.068,-0.468,262.404,67.084,60220.52,34.127,99.404,青藏地区
青海,海东市,26.104,43.274,8.768,17.011,0.825,58.277,2.199,-0.041,272.156,49.864,73114.459,36.347,102.34,青藏地区
青海,海北藏族自治州,2.704,3.559,1.001,1.623,0.153,70.703,3.989,-1.178,265.17,61.112,65521.378,37.775,100.288,青藏地区
青海,海南藏族自治州,1.358,1.638,0.346,0.812,0.13,69.913,5.833,-0.524,268.034,53.287,66772.324,35.89,100.272,青藏地区
青海,海西蒙古族藏族自治州,1.143,1.341,0.347,0.471,0.128,68.412,4.519,-0.126,265.884,53.183,64834.814,36.677,94.519,青藏地区
青海,西宁市,19.016,35.838,6.926,16.13,0.695,61.643,3.48,-1.144,269.343,56.069,69843.186,36.842,101.423,青藏地区
青海,黄南藏族自治州,2.332,2.823,0.621,1.271,0.154,67.622,5.099,-0.291,267.058,59.003,66090.855,35.022,101.631,青藏地区
香港,香港特别行政区,30.722,45.07,8.187,23.745,0.497,67.778,-6.334,-3.435,293.388,75.535,101509.792,22.45,114.22,南方区域
黑龙江,七台河市,19.77,43.242,6.801,14.368,0.423,43.774,5.623,1.701,261.43,59.764,98726.384,45.87,130.943,北方区域
黑龙江,伊春市,14.445,24.366,6.221,7.587,0.382,45.499,4.791,1.548,258.283,66.236,97008.274,47.772,129.184,北方区域
黑龙江,佳木斯市,15.254,26.386,5.105,8.966,0.342,45.427,4.806,2.494,260.138,62.629,100747.422,47.207,132.11,北方区域
黑龙江,双鸭山市,14.928,24.774,5.68,9.378,0.322,46.568,4.881,2.343,260.705,61.856,100330.685,46.722,132.643,北方区域
黑龙江,哈尔滨市,22.918,37.497,9.676,13.631,0.476,40.742,5.062,2.076,263.624,48.098,99153.688,45.634,127.964,北方区域
黑龙江,大兴安岭地区,2.122,2.774,2.276,1.992,0.198,47.034,5.052,-0.912,251.419,67.748,94832.332,52.286,124.212,北方区域
黑龙江,大庆市,15.832,29.681,8.592,10.123,0.372,41.478,4.885,0.717,264.876,38.154,100534.104,46.327,124.687,北方区域
黑龙江,牡丹江市,23.27,40.398,6.707,14.162,0.484,41.656,6.461,1.947,262.582,54.746,95854.253,44.592,129.883,北方区域
黑龙江,绥化市,23.6,39.296,9.972,12.826,0.512,38.966,3.891,1.422,261.941,51.761,99610.03,46.89,126.634,北方区域
黑龙江,鸡西市,17.508,30.794,6.374,11.63,0.382,45.543,5.276,1.257,262.674,58.546,100124.966,45.626,132.289,北方区域
黑龙江,鹤岗市,14.84,26.394,6.576,10.072,0.361,44.346,4.562,1.07,259.184,63.47,99643.488,47.661,130.778,北方区域
黑龙江,黑河市,18.544,27.646,6.341,8.056,0.392,42.105,3.574,0.921,256.467,67.188,97354.59,49.268,127.004,北方区域
黑龙江,齐齐哈尔市,16.5,27.404,8.663,8.374,0.358,41.226,3.846,0.166,262.049,46.956,99550.205,47.715,124.57,北方区域
