province,city,PM2.5,PM10,SO2,NO2,CO,O3,U,V,TEMP,RH,PSFC,lat,lon,date
上海,上海市,103.08,138.407,12.684,57.927,1.232,40.535,-2.493,-0.856,280.372,53.526,102779.083,31.173,121.42,20180101
上海,上海市,25.362,38.698,8.71,36.169,0.584,53.458,-5.361,1.52,283.512,75.938,102649.389,31.173,121.42,20180102
上海,上海市,22.131,36.607,8.132,23.08,0.614,61.207,-6.64,-7.236,282.172,81.234,102894.998,31.173,121.42,20180103
上海,上海市,9.158,13.807,6.476,24.024,0.57,51.276,-5.548,-6.841,280.164,86.93,102625.048,31.173,121.42,20180104
上海,上海市,25.118,33.035,8.452,35.144,0.759,40.409,0.186,-7.462,279.064,81.342,102451.353,31.173,121.42,20180105
上海,上海市,60.461,72.61,11.647,50.516,0.932,32.638,-1.48,-3.803,278.905,80.09,102486.647,31.173,121.42,20180106
上海,上海市,23.501,28.991,6.998,44.866,0.845,26.943,0.692,-0.197,282.15,87.83,101844.783,31.173,121.42,20180107
上海,上海市,90.057,106.944,14.466,45.224,1.322,34.848,10.391,-4.209,276.586,78.113,101955.271,31.173,121.42,20180108
上海,上海市,26.534,52.274,14.113,38.813,0.728,56.848,9.871,-2.896,274.456,50.061,102423.233,31.173,121.42,20180109
上海,上海市,32.168,65.306,16.501,47.764,0.764,42.744,8.922,-4.992,274.71,44.602,102792.858,31.173,121.42,20180110
上海,上海市,43.408,71.877,20.665,54.962,0.878,33.58,5.417,-6.339,273.652,37.118,103222.292,31.173,121.42,20180111
上海,上海市,31.65,51.725,17.248,50.563,0.868,30.247,4.485,-5.082,272.514,50.552,103449.829,31.173,121.42,20180112
上海,上海市,56.396,77.42,18.703,82.552,1.148,18.32,0.958,-1.683,274.816,37.53,103336.102,31.173,121.42,20180113
上海,上海市,31.281,44.668,11.183,53.281,0.621,37.421,-1.552,2.89,280.226,70.34,102810.398,31.173,121.42,20180114
上海,上海市,39.591,52.824,11.923,64.085,0.76,32.793,-3.188,0.155,282.816,86.299,102339.56,31.173,121.42,20180115
上海,上海市,67.013,84.723,10.573,68.802,0.881,17.658,0.971,-0.188,283.686,92.98,101678.668,31.173,121.42,20180116
上海,上海市,110.826,148.81,12.96,67.393,1.248,18.355,3.148,-2.055,281.01,82.075,101971.908,31.173,121.42,20180117
上海,上海市,87.146,123.006,12.319,52.544,0.933,36.57,-2.414,-2.604,281.167,80.368,102339.613,31.173,121.42,20180118
上海,上海市,126.495,156.791,14.884,65.6,1.226,33.395,-1.563,-2.021,281.972,81.563,102382.045,31.173,121.42,20180119
上海,上海市,93.935,115.854,13.866,64.063,1.095,31.86,-1.602,-1.511,280.954,80.886,102275.088,31.173,121.42,20180120
上海,上海市,45.712,62.634,10.239,48.796,0.761,49.788,-4.392,-2.072,281.451,83.37,101979.159,31.173,121.42,20180121
上海,上海市,44.443,58.936,10.625,58.06,0.872,44.782,2.554,-5.103,280.542,76.781,101914.369,31.173,121.42,20180122
上海,上海市,78.439,92.277,9.145,35.293,0.929,41.587,-2.33,-6.967,278.564,80.797,102414.068,31.173,121.42,20180123
上海,上海市,21.856,33.92,8.325,22.992,0.568,63.558,-2.026,-8.013,276.286,64.452,102813.49,31.173,121.42,20180124
上海,上海市,12.676,18.162,6.588,25.743,0.463,56.031,-5.198,-7.578,276.718,82.962,102780.581,31.173,121.42,20180125
上海,上海市,13.794,20.83,7.271,18.726,0.462,64.453,-2.264,-9.014,275.72,80.986,103052.596,31.173,121.42,20180126
上海,上海市,18.322,25.702,7.456,34.533,0.523,47.361,-3.501,-4.75,276.85,87.308,102707.533,31.173,121.42,20180127
上海,上海市,24.734,30.901,7.692,33.158,0.608,48.361,1.542,-6.927,276.489,92.285,102388.5,31.173,121.42,20180128
上海,上海市,98.304,112.107,20.19,44.044,1.191,60.407,5.825,-6.679,271.962,61.331,102862.728,31.173,121.42,20180129
上海,上海市,174.552,193.336,25.172,83.986,1.765,43.874,3.33,-4.038,273.077,55.378,102863.094,31.173,121.42,20180130
上海,上海市,177.48,209.422,24.992,103.711,1.777,26.344,3.048,-4.947,274.779,62.893,102803.184,31.173,121.42,20180131
上海,上海市,123.229,142.858,24.682,78.2,1.536,38.415,1.666,-6.164,276.088,60.318,102853.908,31.173,121.42,20180201
上海,上海市,106.138,134.686,25.308,83.873,1.34,39.706,3.56,-5.035,276.16,56.359,103060.354,31.173,121.42,20180202
上海,上海市,32.031,49.768,11.105,28.728,0.642,55.663,4.123,-8.334,273.386,69.26,103315.905,31.173,121.42,20180203
上海,上海市,38.149,54.646,15.826,38.533,0.745,52.497,3.896,-7.041,272.8,45.74,103339.002,31.173,121.42,20180204
上海,上海市,56.785,81.488,20.46,62.947,0.944,37.701,6.008,-4.096,274.085,37.138,103141.148,31.173,121.42,20180205
上海,上海市,36.558,52.923,13.862,47.175,0.752,42.268,3.431,-6.02,274.218,51.066,102994.67,31.173,121.42,20180206
上海,上海市,30.692,46.297,11.656,56.655,0.644,39.899,1.565,1.233,276.094,51.254,102672.693,31.173,121.42,20180207
上海,上海市,87.52,106.825,17.36,61.509,1.12,36.717,3.001,-3.073,275.038,44.22,102552.788,31.173,121.42,20180208
上海,上海市,61.814,75.402,11.497,50.954,0.819,53.062,-3.088,4.31,279.824,72.067,102155.851,31.173,121.42,20180209
上海,上海市,67.34,115.72,11.5,47.031,0.956,43.524,0.944,-5.856,279.679,76.026,102430.143,31.173,121.42,20180210
上海,上海市,41.979,124.421,13.073,38.869,0.792,59.764,5.935,-2.983,276.942,47.962,102883.977,31.173,121.42,20180211
上海,上海市,32.656,113.32,14.528,31.644,0.724,59.641,7.03,-3.904,275.19,25.43,103113.1,31.173,121.42,20180212
上海,上海市,37.099,66.274,18.004,45.082,0.766,61.314,1.362,2.924,278.119,40.807,102746.045,31.173,121.42,20180213
上海,上海市,38.979,72.409,10.888,40.373,0.732,78.616,0.443,5.223,283.854,60.073,102068.154,31.173,121.42,20180214
上海,上海市,38.06,61.619,9.118,24.85,0.635,69.548,-5.842,-5.158,281.683,83.765,102107.518,31.173,121.42,20180215
上海,上海市,21.249,30.318,6.502,20.868,0.487,64.476,-2.132,-4.064,279.556,87.374,102118.363,31.173,121.42,20180216
上海,上海市,40.196,53.621,10.049,22.64,0.691,74.606,-4.525,-2.346,279.39,71.636,102527.291,31.173,121.42,20180217
上海,上海市,14.964,25.184,5.922,17.418,0.414,79.186,-7.08,1.9,282.164,86.842,102127.424,31.173,121.42,20180218
上海,上海市,17.046,23.495,6.893,19.084,0.501,75.729,-4.266,-5.59,281.557,94.158,102086.518,31.173,121.42,20180219
上海,上海市,43.751,52.416,8.732,19.786,0.654,79.148,-4.704,-4.843,280.919,84.817,102185.073,31.173,121.42,20180220
上海,上海市,34.482,44.969,8.599,19.913,0.612,79.137,-3.294,-6.169,279.836,79.309,102367.925,31.173,121.42,20180221
上海,上海市,49.668,60.812,10.202,33.54,0.768,61.305,1.254,-1.268,279.443,70.18,102458.967,31.173,121.42,20180222
上海,上海市,49.087,60.928,9.856,32.596,0.772,62.811,0.106,4.661,280.56,69.016,102467.051,31.173,121.42,20180223
上海,上海市,36.474,45.937,8.508,25.304,0.595,82.862,-5.442,1.799,283.26,80.804,102422.258,31.173,121.42,20180224
上海,上海市,34.205,47.551,8.118,24.697,0.647,80.792,-2.46,-5.874,281.846,82.185,102514.997,31.173,121.42,20180225
上海,上海市,36.622,47.539,9.004,34.643,0.606,70.0,-2.209,0.664,280.461,75.549,102559.364,31.173,121.42,20180226
上海,上海市,32.973,44.63,9.032,25.189,0.546,92.255,-4.98,5.983,283.827,77.586,102059.552,31.173,121.42,20180227
上海,上海市,28.902,38.963,7.891,32.353,0.644,63.557,5.472,3.584,286.134,81.365,101040.856,31.173,121.42,20180228
上海,上海市,61.33,80.845,10.718,43.912,0.916,55.618,0.238,-3.853,282.023,73.67,101846.656,31.173,121.42,20180301
上海,上海市,15.128,27.13,5.59,20.355,0.398,77.446,-7.738,-0.122,280.606,87.19,101759.607,31.173,121.42,20180302
上海,上海市,27.568,37.789,6.781,32.271,0.571,66.984,-3.132,2.74,286.516,93.623,101173.543,31.173,121.42,20180303
上海,上海市,30.025,43.165,8.918,26.464,0.668,83.29,-3.124,7.263,290.68,85.934,100868.912,31.173,121.42,20180304
上海,上海市,18.424,36.728,12.406,23.016,0.53,63.453,0.973,-9.549,282.758,88.326,101760.57,31.173,121.42,20180305
上海,上海市,15.54,33.969,6.689,17.989,0.445,87.012,-6.292,-6.577,282.068,77.702,102790.67,31.173,121.42,20180306
上海,上海市,17.676,27.239,8.788,28.656,0.465,70.381,-4.864,-5.167,282.546,87.303,102316.49,31.173,121.42,20180307
上海,上海市,42.814,55.857,8.109,25.143,0.636,78.394,3.998,-9.288,280.49,75.371,102398.621,31.173,121.42,20180308
上海,上海市,42.508,57.484,10.553,38.958,0.694,62.992,1.971,-5.192,277.856,66.528,102763.918,31.173,121.42,20180309
上海,上海市,61.751,72.484,10.601,50.417,0.663,80.296,-1.124,2.542,280.485,63.54,102654.568,31.173,121.42,20180310
上海,上海市,54.0,69.064,10.31,46.976,0.624,85.981,-3.736,4.528,283.274,69.446,102565.859,31.173,121.42,20180311
上海,上海市,23.056,40.079,11.826,38.154,0.496,85.003,-2.864,6.916,286.747,73.035,102114.89,31.173,121.42,20180312
上海,上海市,23.569,41.533,12.198,38.46,0.547,71.512,-2.191,6.932,289.002,80.89,101832.839,31.173,121.42,20180313
上海,上海市,19.923,35.435,10.963,32.141,0.478,62.677,-3.675,8.1,289.16,93.136,101688.12,31.173,121.42,20180314
上海,上海市,41.246,57.231,11.455,59.748,0.756,30.274,-1.156,1.611,289.348,89.635,101578.302,31.173,121.42,20180315
上海,上海市,20.563,41.268,7.595,20.847,0.52,77.172,-3.039,-9.266,281.354,80.148,102395.636,31.173,121.42,20180316
上海,上海市,12.461,28.035,5.336,18.983,0.382,85.216,-7.255,-0.129,283.038,83.972,102492.357,31.173,121.42,20180317
上海,上海市,24.612,40.661,8.228,42.008,0.543,57.896,-3.4,4.185,285.219,94.828,101728.892,31.173,121.42,20180318
上海,上海市,29.681,37.674,7.303,33.308,0.648,53.053,2.468,-6.153,282.194,91.415,101614.084,31.173,121.42,20180319
上海,上海市,45.488,56.088,8.172,41.58,0.852,41.681,5.202,-3.616,279.27,89.115,101642.707,31.173,121.42,20180320
上海,上海市,25.775,32.614,7.404,39.233,0.707,48.725,2.935,-8.726,279.276,81.345,101834.202,31.173,121.42,20180321
上海,上海市,73.464,88.308,16.936,65.174,0.929,53.978,1.075,-0.318,280.255,70.494,101899.796,31.173,121.42,20180322
上海,上海市,80.039,111.384,14.231,61.705,0.838,78.557,-1.27,4.097,284.646,67.067,102084.869,31.173,121.42,20180323
上海,上海市,57.154,87.005,14.27,58.652,0.724,78.727,-2.831,4.264,286.09,74.636,102331.652,31.173,121.42,20180324
上海,上海市,60.833,85.518,12.6,39.456,0.658,95.365,-3.825,5.508,287.006,81.088,102427.428,31.173,121.42,20180325
上海,上海市,54.9,74.357,12.896,42.292,0.639,82.913,-1.699,4.544,287.609,81.073,102229.033,31.173,121.42,20180326
上海,上海市,54.488,71.433,12.988,44.096,0.633,75.712,-2.389,3.676,286.169,86.677,101955.22,31.173,121.42,20180327
上海,上海市,45.117,66.43,11.114,41.567,0.611,91.377,-2.691,5.109,287.675,81.436,101746.142,31.173,121.42,20180328
上海,上海市,27.566,49.293,8.782,36.989,0.493,59.924,-3.386,3.649,287.533,87.324,101928.791,31.173,121.42,20180329
上海,上海市,27.886,41.092,6.636,32.266,0.474,48.507,-4.336,-0.624,285.758,94.592,102211.201,31.173,121.42,20180330
上海,上海市,29.88,49.251,7.518,27.68,0.441,82.78,-3.778,2.662,286.335,84.95,101979.104,31.173,121.42,20180331
上海,上海市,37.637,75.59,11.673,32.96,0.52,92.634,-2.648,6.118,289.863,85.675,101538.226,31.173,121.42,20180401
上海,上海市,40.445,88.264,12.159,50.732,0.616,49.634,-3.45,5.534,290.773,87.054,101369.988,31.173,121.42,20180402
上海,上海市,27.212,65.784,10.791,29.128,0.456,70.007,-4.684,7.448,291.51,91.834,101392.361,31.173,121.42,20180403
上海,上海市,25.293,46.108,6.907,26.966,0.467,52.971,-2.809,-1.936,288.191,97.521,101539.25,31.173,121.42,20180404
上海,上海市,25.652,36.008,6.182,26.737,0.481,57.34,-1.928,-3.297,285.893,96.089,101382.235,31.173,121.42,20180405
上海,上海市,42.879,115.656,10.89,28.938,0.767,66.82,5.914,-7.838,283.671,62.217,102003.832,31.173,121.42,20180406
上海,上海市,23.472,72.56,11.629,30.393,0.533,78.29,7.534,-4.162,281.264,32.69,102527.6,31.173,121.42,20180407
上海,上海市,32.37,79.306,13.062,51.782,0.576,80.184,4.77,7.186,285.672,40.434,102021.705,31.173,121.42,20180408
上海,上海市,38.52,88.263,14.432,56.895,0.63,80.87,0.402,6.002,289.631,45.975,101807.868,31.173,121.42,20180409
上海,上海市,28.051,62.125,11.821,35.396,0.558,106.944,-0.122,9.388,292.717,56.65,101284.9,31.173,121.42,20180410
上海,上海市,57.423,139.538,16.174,61.958,0.84,84.226,-1.601,-0.364,291.496,69.76,101289.194,31.173,121.42,20180411
上海,上海市,28.673,66.616,8.898,28.06,0.425,83.261,-8.415,-1.495,287.256,84.391,101590.348,31.173,121.42,20180412
上海,上海市,16.542,34.022,5.658,21.894,0.363,80.192,-10.434,1.361,288.534,81.849,101498.784,31.173,121.42,20180413
上海,上海市,28.15,36.241,7.489,37.374,0.61,45.947,3.289,-0.234,288.138,85.172,101197.966,31.173,121.42,20180414
上海,上海市,51.437,96.604,12.07,39.99,0.757,78.909,0.696,-2.98,285.016,61.66,101930.794,31.173,121.42,20180415
上海,上海市,26.209,123.136,9.349,42.427,0.492,62.292,-3.058,-0.731,283.309,64.248,102210.039,31.173,121.42,20180416
上海,上海市,29.714,60.289,9.211,42.502,0.464,85.458,-2.485,0.92,284.504,60.294,102161.02,31.173,121.42,20180417
上海,上海市,37.478,63.135,11.225,40.058,0.52,105.488,-2.81,4.054,287.396,65.424,101922.584,31.173,121.42,20180418
上海,上海市,31.52,59.253,10.382,39.487,0.516,101.852,-3.598,4.419,289.775,70.491,101808.038,31.173,121.42,20180419
上海,上海市,22.395,51.62,8.148,22.058,0.396,90.962,-5.187,6.341,289.991,80.533,101824.691,31.173,121.42,20180420
上海,上海市,24.845,49.076,8.901,21.762,0.408,84.592,-3.993,6.811,291.45,89.176,101540.145,31.173,121.42,20180421
上海,上海市,28.477,49.04,9.825,30.523,0.514,75.702,-2.951,5.7,294.372,87.504,101133.556,31.173,121.42,20180422
上海,上海市,40.795,55.391,26.552,41.561,0.637,40.736,-1.822,-1.704,290.902,95.53,100941.922,31.173,121.42,20180423
上海,上海市,22.351,34.447,6.896,28.336,0.601,77.864,3.713,-7.398,285.1,88.888,101352.253,31.173,121.42,20180424
上海,上海市,47.667,61.963,11.453,46.439,0.74,91.749,0.631,-4.199,286.194,71.25,101604.657,31.173,121.42,20180425
上海,上海市,30.226,44.303,8.965,45.97,0.488,81.56,-2.132,0.892,287.592,66.054,101592.672,31.173,121.42,20180426
上海,上海市,71.295,95.606,15.48,55.326,0.814,136.791,-0.786,0.254,291.117,62.815,101807.295,31.173,121.42,20180427
上海,上海市,98.672,132.41,16.155,50.336,0.899,157.24,-2.638,1.334,290.657,70.027,101802.592,31.173,121.42,20180428
上海,上海市,70.337,89.459,14.453,38.774,0.738,146.635,-2.486,6.062,293.038,74.146,101230.037,31.173,121.42,20180429
上海,上海市,68.171,86.683,13.714,40.064,0.872,116.613,-2.141,2.815,295.086,85.414,101161.318,31.173,121.42,20180430
上海,上海市,42.048,53.547,9.021,37.147,0.698,78.386,-2.766,2.861,294.618,90.21,101049.712,31.173,121.42,20180501
上海,上海市,50.985,60.673,8.487,32.322,0.83,83.972,1.476,-4.356,291.74,87.332,101316.589,31.173,121.42,20180502
上海,上海市,28.742,49.144,10.492,39.744,0.569,112.599,2.82,-1.54,289.815,54.019,101963.315,31.173,121.42,20180503
上海,上海市,39.068,62.24,12.797,37.679,0.539,137.278,-2.798,2.366,291.535,53.329,101936.188,31.173,121.42,20180504
上海,上海市,25.232,42.678,9.784,34.302,0.499,96.462,-1.367,8.992,292.095,70.559,101476.651,31.173,121.42,20180505
上海,上海市,36.284,49.149,10.01,34.753,0.586,78.023,2.147,7.052,297.1,78.619,100561.486,31.173,121.42,20180506
上海,上海市,36.586,49.485,25.288,34.97,0.602,62.392,0.671,-4.489,290.381,89.98,100678.806,31.173,121.42,20180507
上海,上海市,32.861,52.331,9.166,32.087,0.629,96.743,-0.966,-5.955,289.484,76.32,101251.81,31.173,121.42,20180508
上海,上海市,29.942,52.146,8.646,28.243,0.483,99.986,-3.69,-2.332,288.003,80.812,102050.242,31.173,121.42,20180509
上海,上海市,21.3,37.476,4.901,17.725,0.322,107.243,-5.882,0.484,288.328,79.541,102233.119,31.173,121.42,20180510
上海,上海市,20.386,40.6,6.908,18.903,0.349,104.722,-4.969,4.622,290.9,84.67,101625.686,31.173,121.42,20180511
上海,上海市,52.391,74.538,12.082,47.771,0.71,79.346,-1.34,4.945,294.606,83.888,100977.931,31.173,121.42,20180512
上海,上海市,65.702,76.231,8.912,34.002,0.891,90.945,-1.719,-0.284,293.547,84.321,101044.608,31.173,121.42,20180513
上海,上海市,45.766,57.967,9.098,24.147,0.627,118.804,-3.967,4.652,294.4,89.342,101013.331,31.173,121.42,20180514
上海,上海市,46.272,62.927,13.669,26.81,0.537,111.703,-2.793,6.816,298.332,85.077,100690.16,31.173,121.42,20180515
上海,上海市,38.426,60.509,13.21,31.143,0.568,113.422,-0.434,7.36,300.865,74.592,100534.497,31.173,121.42,20180516
上海,上海市,34.152,55.47,11.868,34.95,0.596,112.106,2.399,6.086,301.707,66.11,100463.28,31.173,121.42,20180517
上海,上海市,58.442,77.953,32.619,40.804,0.789,89.398,-0.214,-1.26,298.553,77.769,100704.326,31.173,121.42,20180518
上海,上海市,29.771,39.726,5.315,21.544,0.598,77.331,-5.012,-3.384,292.294,87.974,101135.117,31.173,121.42,20180519
上海,上海市,10.596,24.487,4.201,15.68,0.385,79.02,-6.888,-3.272,291.382,92.411,101262.373,31.173,121.42,20180520
上海,上海市,15.173,29.198,4.854,19.412,0.41,74.931,-4.735,-2.782,291.236,93.234,101361.507,31.173,121.42,20180521
上海,上海市,19.177,32.727,5.52,21.982,0.497,64.994,-0.598,0.964,293.978,91.035,101060.767,31.173,121.42,20180522
上海,上海市,37.484,94.336,10.581,29.187,0.688,101.381,-0.079,-3.648,292.651,60.004,101335.679,31.173,121.42,20180523
上海,上海市,41.452,108.492,9.172,31.072,0.483,98.404,-3.725,4.298,292.931,49.018,101153.77,31.173,121.42,20180524
上海,上海市,32.769,60.813,6.784,31.985,0.542,81.848,-3.453,3.842,295.576,81.822,100524.978,31.173,121.42,20180525
上海,上海市,28.176,37.048,6.352,25.177,0.636,63.729,-2.625,-3.574,294.287,92.207,100614.93,31.173,121.42,20180526
上海,上海市,33.241,43.106,5.898,29.361,0.57,71.953,-1.078,-1.184,293.772,88.34,100912.416,31.173,121.42,20180527
上海,上海市,62.659,75.537,9.286,36.127,0.713,95.209,-1.681,0.699,294.184,87.0,100981.016,31.173,121.42,20180528
上海,上海市,84.151,102.872,14.008,49.476,0.828,80.575,-2.115,2.946,295.373,82.631,101107.578,31.173,121.42,20180529
上海,上海市,64.778,82.03,10.718,43.91,0.72,60.369,-2.714,2.91,295.971,79.583,101178.868,31.173,121.42,20180530
上海,上海市,43.63,58.677,7.726,40.687,0.562,87.64,-1.306,0.615,293.07,80.046,101436.298,31.173,121.42,20180531
上海,上海市,38.719,48.323,9.56,34.112,0.554,105.878,-2.196,-2.736,292.07,70.956,101590.44,31.173,121.42,20180601
上海,上海市,32.34,44.502,7.594,24.134,0.424,112.858,-3.873,0.048,292.304,75.93,101508.086,31.173,121.42,20180602
上海,上海市,30.131,39.085,6.12,18.085,0.376,113.086,-4.123,0.955,292.681,85.706,101233.475,31.173,121.42,20180603
上海,上海市,32.602,45.129,7.56,25.164,0.446,101.9,-3.047,2.565,294.86,82.987,101097.348,31.173,121.42,20180604
上海,上海市,64.318,79.944,9.918,50.794,0.71,106.307,0.884,1.909,295.423,80.311,101123.428,31.173,121.42,20180605
上海,上海市,45.994,58.074,9.591,27.609,0.611,124.356,-1.883,2.931,294.666,82.126,101150.917,31.173,121.42,20180606
上海,上海市,26.809,36.38,5.963,18.782,0.43,105.913,-3.926,1.149,293.594,91.295,101123.536,31.173,121.42,20180607
上海,上海市,22.362,31.125,6.941,24.266,0.418,81.749,-3.562,-0.592,293.658,90.253,100845.746,31.173,121.42,20180608
上海,上海市,22.511,30.471,5.775,18.544,0.356,82.65,-4.37,-1.404,293.197,89.046,100407.582,31.173,121.42,20180609
上海,上海市,39.87,50.242,6.787,26.755,0.618,89.474,-1.5,-2.914,293.527,88.541,100232.656,31.173,121.42,20180610
上海,上海市,53.426,69.445,10.264,34.419,0.786,129.889,1.21,-0.676,295.316,72.272,100208.852,31.173,121.42,20180611
上海,上海市,59.36,79.334,12.779,33.93,0.78,175.072,-0.932,3.59,297.812,65.598,100356.241,31.173,121.42,20180612
上海,上海市,50.086,72.667,13.248,28.124,0.734,166.941,-2.131,5.317,298.277,66.133,100365.794,31.173,121.42,20180613
上海,上海市,28.676,39.659,7.203,14.578,0.424,116.032,-4.552,2.878,296.343,79.415,100337.903,31.173,121.42,20180614
上海,上海市,18.992,30.129,9.992,19.288,0.361,97.228,-4.184,-0.404,295.704,79.841,100526.354,31.173,121.42,20180615
上海,上海市,20.398,35.566,7.209,14.392,0.363,91.573,-5.101,-3.436,294.774,80.694,100846.975,31.173,121.42,20180616
上海,上海市,17.239,27.958,15.388,18.804,0.291,77.367,-4.907,0.704,294.868,85.708,100817.683,31.173,121.42,20180617
上海,上海市,16.602,28.708,5.723,11.091,0.334,83.764,-4.628,2.706,295.988,89.539,100546.646,31.173,121.42,20180618
上海,上海市,20.315,30.453,5.745,18.641,0.392,64.098,-3.012,0.884,298.286,88.259,100166.006,31.173,121.42,20180619
上海,上海市,12.98,18.513,5.399,21.922,0.429,69.384,-3.347,-3.886,295.359,93.033,100421.03,31.173,121.42,20180620
上海,上海市,19.407,27.2,6.796,23.129,0.408,83.738,-4.008,-2.676,295.038,82.467,100813.731,31.173,121.42,20180621
上海,上海市,23.403,29.357,5.562,20.63,0.372,75.93,-4.781,0.348,293.598,88.802,100887.524,31.173,121.42,20180622
上海,上海市,12.794,18.328,5.156,17.924,0.359,99.543,-5.607,-0.525,293.962,87.024,100646.619,31.173,121.42,20180623
上海,上海市,17.409,24.037,4.972,15.612,0.354,88.836,-5.04,1.669,296.063,88.835,100787.146,31.173,121.42,20180624
上海,上海市,32.533,44.239,7.499,23.976,0.531,99.9,-3.126,4.296,299.662,85.903,100781.149,31.173,121.42,20180625
上海,上海市,35.292,51.534,9.566,32.442,0.61,105.458,1.68,6.536,302.982,71.525,100705.037,31.173,121.42,20180626
上海,上海市,28.461,44.665,9.43,32.398,0.531,87.948,3.68,5.968,303.298,68.132,100552.416,31.173,121.42,20180627
上海,上海市,28.441,45.047,9.581,34.576,0.594,69.039,5.245,4.346,303.224,66.092,100170.407,31.173,121.42,20180628
上海,上海市,28.426,40.33,8.028,32.65,0.669,73.514,0.038,2.457,300.482,78.775,100181.314,31.173,121.42,20180629
上海,上海市,15.2,26.026,6.988,24.22,0.398,49.098,-5.86,4.559,298.416,93.73,100406.602,31.173,121.42,20180630
上海,上海市,11.735,22.32,6.483,21.859,0.411,32.835,-3.895,4.878,298.339,92.119,100376.166,31.173,121.42,20180701
上海,上海市,9.384,25.488,4.598,14.33,0.317,27.246,-4.273,1.049,298.347,93.018,100182.175,31.173,121.42,20180702
上海,上海市,13.163,26.222,4.909,21.62,0.318,29.794,-3.307,0.297,298.32,89.314,99887.544,31.173,121.42,20180703
上海,上海市,28.603,37.646,6.682,26.27,0.448,69.734,-3.754,1.884,299.12,90.734,99872.842,31.173,121.42,20180704
上海,上海市,20.533,27.667,5.159,24.246,0.422,52.012,-5.68,2.732,299.008,92.223,99939.578,31.173,121.42,20180705
上海,上海市,13.192,21.65,4.902,20.206,0.344,52.231,-6.341,1.489,298.691,94.818,100067.626,31.173,121.42,20180706
上海,上海市,11.426,22.862,3.953,16.172,0.346,50.098,-7.78,-1.92,298.346,92.985,100341.045,31.173,121.42,20180707
上海,上海市,18.44,34.942,5.133,16.723,0.348,77.905,-6.267,2.569,299.674,88.772,100528.389,31.173,121.42,20180708
上海,上海市,13.121,27.879,7.004,16.243,0.344,59.388,-4.764,6.49,300.122,84.978,100796.395,31.173,121.42,20180709
上海,上海市,7.069,21.017,5.163,11.137,0.263,27.828,-5.756,2.536,299.442,88.769,100923.65,31.173,121.42,20180710
上海,上海市,5.966,29.558,3.571,7.88,0.218,21.942,-11.06,2.02,300.367,84.717,100726.664,31.173,121.42,20180711
上海,上海市,6.66,25.631,4.981,9.83,0.266,37.272,-8.324,7.221,300.685,86.281,100811.57,31.173,121.42,20180712
上海,上海市,7.853,21.999,5.844,12.646,0.303,39.976,-5.41,6.77,300.123,85.643,100950.209,31.173,121.42,20180713
上海,上海市,8.081,22.012,6.428,13.815,0.302,45.46,-4.118,5.89,299.958,83.148,100944.309,31.173,121.42,20180714
上海,上海市,7.522,19.564,6.206,12.184,0.291,44.514,-4.322,5.199,299.676,83.624,100965.265,31.173,121.42,20180715
上海,上海市,6.854,17.724,5.287,11.058,0.27,40.734,-5.028,4.729,299.617,84.639,100986.414,31.173,121.42,20180716
上海,上海市,6.203,17.406,4.982,11.544,0.265,31.297,-5.364,4.009,300.064,86.495,100934.647,31.173,121.42,20180717
上海,上海市,7.978,18.374,4.821,10.382,0.249,40.576,-5.259,3.153,299.994,84.237,100923.788,31.173,121.42,20180718
上海,上海市,6.78,16.202,4.638,10.179,0.258,36.78,-4.758,2.816,300.25,82.623,100926.52,31.173,121.42,20180719
上海,上海市,17.434,26.354,5.68,12.425,0.266,49.2,-4.825,0.575,300.045,83.573,100732.89,31.173,121.42,20180720
上海,上海市,21.086,33.872,6.921,12.86,0.364,49.07,-5.185,-5.909,300.571,84.35,100318.402,31.173,121.42,20180721
上海,上海市,8.744,20.611,6.075,10.421,0.368,33.418,0.044,-3.445,300.645,87.877,98985.328,31.173,121.42,20180722
上海,上海市,11.765,25.957,5.971,13.056,0.342,47.315,-5.068,7.71,301.403,83.395,100060.134,31.173,121.42,20180723
上海,上海市,25.976,41.752,7.784,24.265,0.489,82.562,-1.339,5.749,301.856,84.548,100336.927,31.173,121.42,20180724
上海,上海市,35.55,52.749,8.363,27.05,0.538,111.038,-1.293,5.32,302.462,79.107,100542.132,31.173,121.42,20180725
上海,上海市,34.286,53.15,7.33,40.13,0.591,68.944,-1.675,2.848,302.702,80.038,100563.031,31.173,121.42,20180726
上海,上海市,31.738,47.502,8.529,37.785,0.561,106.839,-2.731,2.616,302.096,84.46,100592.318,31.173,121.42,20180727
上海,上海市,40.849,55.579,7.866,24.744,0.515,110.232,-2.161,1.168,302.048,82.498,100563.294,31.173,121.42,20180728
上海,上海市,42.434,56.438,8.287,27.467,0.568,89.564,-0.544,-1.601,302.036,80.014,100429.957,31.173,121.42,20180729
上海,上海市,38.199,53.231,6.706,24.09,0.624,85.168,0.78,-3.383,301.903,80.576,100323.936,31.173,121.42,20180730
上海,上海市,20.812,32.986,6.548,23.622,0.556,71.74,-1.053,-3.817,300.932,82.536,100352.893,31.173,121.42,20180731
上海,上海市,16.283,27.092,6.161,17.63,0.462,80.648,-0.127,-6.031,301.41,80.047,100299.18,31.173,121.42,20180801
上海,上海市,19.899,32.269,5.68,14.5,0.46,74.496,-2.146,-6.989,301.618,80.772,100153.148,31.173,121.42,20180802
上海,上海市,14.218,24.412,4.706,15.443,0.508,68.378,-0.101,1.162,300.73,86.079,99782.016,31.173,121.42,20180803
上海,上海市,19.948,33.282,6.126,16.109,0.457,89.154,-3.824,6.842,301.884,82.717,100360.182,31.173,121.42,20180804
上海,上海市,16.462,27.852,5.553,14.635,0.392,80.802,-3.792,4.254,301.675,84.489,100560.768,31.173,121.42,20180805
上海,上海市,18.286,30.416,5.478,18.0,0.406,73.645,-3.614,3.285,301.644,85.416,100526.574,31.173,121.42,20180806
上海,上海市,14.068,23.196,5.231,17.778,0.345,49.791,-3.961,2.324,301.309,84.65,100540.332,31.173,121.42,20180807
上海,上海市,20.362,28.696,4.715,17.166,0.377,68.713,-3.23,-0.626,301.041,83.848,100589.934,31.173,121.42,20180808
上海,上海市,21.976,33.127,5.392,19.414,0.422,81.688,-2.893,-0.376,301.211,81.001,100553.991,31.173,121.42,20180809
上海,上海市,31.402,44.806,6.636,27.366,0.539,99.648,-0.868,-0.237,301.139,78.893,100407.772,31.173,121.42,20180810
上海,上海市,29.92,43.24,6.055,20.337,0.592,99.423,-2.036,-2.86,300.997,80.702,100175.332,31.173,121.42,20180811
上海,上海市,14.128,24.606,4.626,16.578,0.439,45.222,-6.707,-4.566,301.122,86.103,99841.274,31.173,121.42,20180812
上海,上海市,9.437,26.009,4.289,8.216,0.338,52.684,-12.288,5.622,302.074,83.461,99827.872,31.173,121.42,20180813
上海,上海市,5.078,20.31,3.636,9.684,0.25,25.97,-8.902,2.609,301.61,84.095,100358.021,31.173,121.42,20180814
上海,上海市,9.507,21.559,4.934,13.942,0.338,38.843,-5.722,-3.299,301.359,84.56,100243.511,31.173,121.42,20180815
上海,上海市,9.294,20.508,4.827,13.038,0.388,47.216,-1.46,-12.128,301.272,85.842,99451.204,31.173,121.42,20180816
上海,上海市,7.791,19.236,4.435,10.366,0.378,57.078,-11.264,6.189,301.206,87.078,99217.859,31.173,121.42,20180817
上海,上海市,5.582,17.704,3.856,9.316,0.29,48.077,-9.074,5.467,300.974,86.076,100273.233,31.173,121.42,20180818
上海,上海市,4.887,16.438,4.172,9.426,0.265,40.023,-8.108,5.476,300.756,85.419,100420.87,31.173,121.42,20180819
上海,上海市,9.176,21.353,5.267,14.699,0.357,62.938,-4.48,7.291,301.214,85.068,100222.348,31.173,121.42,20180820
上海,上海市,16.777,24.351,4.536,27.532,0.535,49.815,-2.412,1.166,300.799,88.466,100101.577,31.173,121.42,20180821
上海,上海市,13.616,24.051,4.209,18.902,0.483,54.448,-0.012,-4.736,300.249,87.756,100004.222,31.173,121.42,20180822
上海,上海市,24.41,47.247,6.654,22.562,0.656,115.34,5.2,-5.547,300.472,79.07,99922.726,31.173,121.42,20180823
上海,上海市,32.737,59.11,11.05,32.602,0.892,120.67,0.662,-3.446,299.06,73.154,100299.459,31.173,121.42,20180824
上海,上海市,16.828,28.031,5.261,20.96,0.465,69.756,-6.572,-7.931,299.889,83.569,100420.054,31.173,121.42,20180825
上海,上海市,10.683,22.192,3.832,18.33,0.419,35.394,-6.634,-0.521,301.047,87.613,100270.781,31.173,121.42,20180826
上海,上海市,5.909,21.188,3.95,12.714,0.308,43.538,-7.758,4.643,301.127,86.301,100562.47,31.173,121.42,20180827
上海,上海市,5.598,19.27,4.453,11.691,0.294,46.231,-8.212,5.752,301.027,84.519,100691.852,31.173,121.42,20180828
上海,上海市,6.427,18.188,4.776,13.342,0.32,48.293,-5.699,4.654,300.952,84.303,100604.046,31.173,121.42,20180829
上海,上海市,9.596,23.427,5.984,15.599,0.369,57.115,-3.632,6.028,301.309,81.401,100703.911,31.173,121.42,20180830
上海,上海市,14.864,30.09,6.419,20.49,0.455,94.526,0.401,5.047,301.528,74.894,100818.146,31.173,121.42,20180831
上海,上海市,27.097,38.266,5.048,31.594,0.631,76.612,0.789,0.88,300.81,82.832,100779.421,31.173,121.42,20180901
上海,上海市,32.294,41.34,4.421,29.234,0.608,98.439,-0.601,-0.294,300.51,85.46,100530.163,31.173,121.42,20180902
上海,上海市,44.734,59.479,12.388,30.972,0.681,102.582,1.724,0.665,301.076,83.966,100209.36,31.173,121.42,20180903
上海,上海市,39.838,60.483,9.497,33.803,0.887,99.667,3.786,-3.614,300.402,70.034,100243.446,31.173,121.42,20180904
上海,上海市,33.609,58.48,9.578,34.413,0.746,128.194,0.356,0.174,298.457,68.419,100640.134,31.173,121.42,20180905
上海,上海市,47.904,71.046,9.388,24.505,0.748,152.054,-0.342,4.285,299.74,80.881,100583.049,31.173,121.42,20180906
上海,上海市,59.311,62.098,8.549,49.285,1.071,46.756,2.846,-2.637,297.624,78.058,100861.791,31.173,121.42,20180907
上海,上海市,17.474,31.278,5.281,29.213,0.564,66.302,-1.535,-4.939,297.012,68.292,101276.186,31.173,121.42,20180908
上海,上海市,13.872,28.236,5.289,26.19,0.489,77.232,-1.722,-5.385,296.68,66.331,101568.93,31.173,121.42,20180909
上海,上海市,13.582,25.748,5.106,23.846,0.461,83.246,-3.092,-4.386,296.713,65.113,101745.43,31.173,121.42,20180910
上海,上海市,11.081,26.491,4.422,26.711,0.419,65.918,-5.045,-2.231,297.29,71.772,101500.658,31.173,121.42,20180911
上海,上海市,12.07,24.666,8.153,23.62,0.41,63.236,-4.82,-3.53,297.563,80.84,101374.866,31.173,121.42,20180912
上海,上海市,13.804,26.956,5.053,26.322,0.493,57.493,-2.018,-5.14,297.918,85.841,101283.677,31.173,121.42,20180913
上海,上海市,14.581,28.527,5.127,33.702,0.498,57.386,0.347,-2.414,298.312,84.849,101307.569,31.173,121.42,20180914
上海,上海市,14.268,22.794,5.13,21.975,0.385,62.406,-3.034,-0.92,298.022,88.174,101394.556,31.173,121.42,20180915
上海,上海市,8.749,16.635,3.657,14.156,0.285,42.521,-4.984,0.213,298.993,89.915,101422.141,31.173,121.42,20180916
上海,上海市,6.195,12.756,3.56,24.418,0.386,19.081,-3.784,-0.572,299.326,93.56,101518.739,31.173,121.42,20180917
上海,上海市,17.265,28.046,5.229,30.326,0.525,47.763,-2.624,-1.458,299.161,91.773,101574.198,31.173,121.42,20180918
上海,上海市,24.59,37.388,6.228,34.079,0.52,75.764,0.367,2.022,300.411,85.59,101269.275,31.173,121.42,20180919
上海,上海市,26.888,40.036,7.097,48.523,0.686,40.015,3.126,1.402,301.016,81.019,100910.526,31.173,121.42,20180920
上海,上海市,29.58,39.126,7.475,37.527,0.956,38.293,2.938,-3.35,298.064,83.774,101145.728,31.173,121.42,20180921
上海,上海市,26.692,38.712,7.156,40.905,0.706,55.369,-1.756,-1.505,297.068,83.38,101580.499,31.173,121.42,20180922
上海,上海市,41.869,61.462,10.568,37.394,0.832,91.622,-0.517,-3.224,296.671,74.433,101673.793,31.173,121.42,20180923
上海,上海市,28.945,46.963,12.881,20.566,0.574,116.044,-5.517,-5.616,296.46,64.161,101782.556,31.173,121.42,20180924
上海,上海市,14.563,29.204,18.777,24.504,0.447,74.365,-5.131,-6.425,294.991,62.569,101703.86,31.173,121.42,20180925
上海,上海市,10.85,25.996,5.389,18.386,0.406,85.012,-3.828,-7.049,295.483,62.306,101528.592,31.173,121.42,20180926
上海,上海市,12.194,26.791,5.364,21.37,0.411,79.882,-5.276,-5.599,295.551,70.546,101478.82,31.173,121.42,20180927
上海,上海市,12.262,26.104,7.036,27.394,0.397,74.219,-3.764,-4.612,295.416,71.263,101388.429,31.173,121.42,20180928
上海,上海市,12.303,26.855,5.967,20.591,0.397,84.351,-1.295,-8.81,295.519,72.244,101093.928,31.173,121.42,20180929
上海,上海市,36.591,62.932,10.66,29.216,0.664,113.404,3.824,-4.932,295.407,65.109,101131.813,31.173,121.42,20180930
上海,上海市,18.696,50.618,10.532,28.293,0.57,78.284,4.676,-4.99,292.762,44.541,101645.9,31.173,121.42,20181001
上海,上海市,26.768,49.942,9.682,36.194,0.611,84.325,0.896,-3.239,292.688,51.121,101934.817,31.173,121.42,20181002
上海,上海市,23.41,36.38,6.546,31.185,0.502,84.222,-1.904,-4.124,293.404,60.298,102068.306,31.173,121.42,20181003
上海,上海市,18.18,30.905,6.851,17.266,0.426,110.608,-4.206,-8.325,294.513,59.897,101817.602,31.173,121.42,20181004
上海,上海市,15.941,32.825,6.285,14.674,0.441,95.529,2.652,-12.928,294.484,80.132,100901.486,31.173,121.42,20181005
上海,上海市,24.591,46.576,8.588,25.428,0.557,97.036,5.142,-5.473,293.774,71.406,101409.354,31.173,121.42,20181006
上海,上海市,33.422,58.05,8.135,30.797,0.588,103.016,-1.772,-3.912,293.68,73.43,101843.588,31.173,121.42,20181007
上海,上海市,18.615,37.696,5.282,24.304,0.41,76.908,-4.678,-1.751,293.606,71.938,101834.972,31.173,121.42,20181008
上海,上海市,26.692,44.964,5.647,45.129,0.464,67.382,-0.816,-0.05,293.16,74.739,101620.831,31.173,121.42,20181009
上海,上海市,25.047,44.509,7.276,27.196,0.56,61.74,2.108,-6.635,291.094,65.254,102011.361,31.173,121.42,20181010
上海,上海市,16.442,35.159,7.805,28.102,0.497,66.12,-0.073,-7.164,289.934,55.374,102518.907,31.173,121.42,20181011
上海,上海市,17.764,32.765,6.174,34.586,0.45,67.817,-1.635,-4.742,289.701,62.156,102648.418,31.173,121.42,20181012
上海,上海市,18.241,31.19,5.924,37.247,0.454,71.512,-2.984,-2.861,290.471,68.465,102461.853,31.173,121.42,20181013
上海,上海市,17.586,28.016,10.724,30.785,0.424,63.97,-3.679,-2.072,291.136,68.991,102225.561,31.173,121.42,20181014
上海,上海市,15.651,27.062,6.195,26.186,0.412,74.986,-4.452,-4.045,292.12,64.982,102007.672,31.173,121.42,20181015
上海,上海市,25.585,35.55,6.476,27.527,0.52,82.653,-2.123,-4.882,290.204,79.849,101811.802,31.173,121.42,20181016
上海,上海市,42.432,60.466,9.51,52.505,0.654,77.634,0.88,-4.978,290.521,66.93,101837.679,31.173,121.42,20181017
上海,上海市,24.347,39.333,6.064,29.016,0.507,72.648,0.06,-7.804,290.022,61.523,102202.717,31.173,121.42,20181018
上海,上海市,15.541,32.83,6.068,37.757,0.46,60.309,-0.778,-5.31,289.295,64.078,102531.264,31.173,121.42,20181019
上海,上海市,14.26,26.762,5.731,35.512,0.418,59.539,-3.968,-3.445,290.843,62.339,102493.307,31.173,121.42,20181020
上海,上海市,14.534,24.981,5.212,34.891,0.411,67.067,-3.218,-1.766,291.297,70.31,102214.29,31.173,121.42,20181021
上海,上海市,15.336,18.699,4.262,38.875,0.459,48.638,0.042,-1.984,291.324,89.376,101782.251,31.173,121.42,20181022
上海,上海市,49.125,58.329,8.736,36.957,0.733,71.427,1.761,-6.455,291.828,75.18,101918.571,31.173,121.42,20181023
上海,上海市,54.194,70.739,7.474,44.555,0.654,68.82,-3.486,-1.28,291.502,68.164,102101.977,31.173,121.42,20181024
上海,上海市,21.954,40.4,6.161,25.696,0.405,82.17,-4.594,3.335,292.152,66.968,101883.765,31.173,121.42,20181025
上海,上海市,56.17,79.157,18.689,38.277,0.718,57.797,7.222,-2.007,291.963,66.109,101737.787,31.173,121.42,20181026
上海,上海市,31.639,83.001,13.225,52.288,0.645,41.197,4.943,-5.625,288.348,24.283,102250.953,31.173,121.42,20181027
上海,上海市,38.534,75.66,14.691,65.968,0.7,45.756,6.248,0.363,289.526,35.878,101822.066,31.173,121.42,20181028
上海,上海市,49.326,83.716,18.428,64.628,0.786,52.328,4.137,-1.306,290.687,48.522,101695.032,31.173,121.42,20181029
上海,上海市,23.84,43.428,8.698,35.241,0.524,70.616,-2.774,-3.448,290.784,60.883,102174.584,31.173,121.42,20181030
上海,上海市,20.892,36.474,8.192,26.674,0.472,78.517,-2.658,-4.775,289.735,57.919,102479.12,31.173,121.42,20181031
上海,上海市,13.208,24.429,5.618,24.66,0.405,64.138,-3.642,-6.064,288.466,62.381,102723.326,31.173,121.42,20181101
上海,上海市,16.228,27.524,5.475,34.86,0.421,54.736,-5.324,-3.693,289.263,64.994,102646.823,31.173,121.42,20181102
上海,上海市,15.648,24.215,4.906,32.581,0.418,63.134,-5.911,-2.05,290.757,73.401,102317.033,31.173,121.42,20181103
上海,上海市,16.945,23.397,4.98,32.168,0.43,68.651,-4.739,-1.338,291.545,79.258,102124.547,31.173,121.42,20181104
上海,上海市,19.926,25.592,4.932,24.294,0.384,74.54,-5.707,-1.607,291.13,82.97,102184.751,31.173,121.42,20181105
上海,上海市,20.496,29.775,5.932,22.952,0.485,76.437,-7.157,-1.298,291.06,78.379,102217.809,31.173,121.42,20181106
上海,上海市,27.027,33.115,5.199,37.527,0.588,41.655,1.045,1.793,291.305,91.343,101993.58,31.173,121.42,20181107
上海,上海市,17.348,25.367,6.816,33.85,0.746,14.684,9.392,-0.01,286.376,81.898,101924.991,31.173,121.42,20181108
上海,上海市,65.738,80.261,30.134,49.699,0.858,27.217,2.343,-2.564,285.089,63.942,102310.72,31.173,121.42,20181109
上海,上海市,43.461,64.411,9.404,34.854,0.6,52.4,-3.72,0.516,288.252,72.234,102376.475,31.173,121.42,20181110
上海,上海市,48.608,63.384,7.922,42.846,0.657,40.163,1.38,0.129,289.962,80.051,101995.158,31.173,121.42,20181111
上海,上海市,18.587,28.626,5.974,26.266,0.492,60.8,0.219,-6.56,288.058,81.065,102004.708,31.173,121.42,20181112
上海,上海市,24.071,40.106,6.669,36.87,0.508,58.402,-1.617,-5.76,287.602,66.438,102141.478,31.173,121.42,20181113
上海,上海市,32.592,49.886,7.68,43.874,0.59,53.96,-4.134,-3.642,288.252,66.178,102279.547,31.173,121.42,20181114
上海,上海市,22.62,34.636,5.378,53.604,0.537,34.03,-2.482,-1.983,288.291,83.564,102164.314,31.173,121.42,20181115
上海,上海市,20.628,32.93,4.935,28.394,0.475,53.709,1.436,-8.088,288.719,86.736,102017.876,31.173,121.42,20181116
上海,上海市,15.864,28.914,5.82,21.42,0.463,65.081,-3.705,-5.795,287.924,72.392,102331.715,31.173,121.42,20181117
上海,上海市,15.447,19.167,4.806,28.202,0.492,52.849,-1.207,-4.623,286.204,86.617,102132.115,31.173,121.42,20181118
上海,上海市,68.296,77.43,10.391,48.162,1.003,34.582,2.822,-4.704,285.054,75.081,102389.922,31.173,121.42,20181119
上海,上海市,54.66,67.757,10.614,47.974,0.863,44.465,-3.346,0.836,287.054,74.996,102365.483,31.173,121.42,20181120
上海,上海市,16.068,23.188,5.953,29.736,0.488,57.473,0.4,-1.55,287.856,89.326,101844.949,31.173,121.42,20181121
上海,上海市,32.058,48.51,8.152,35.845,0.598,55.952,3.599,-7.627,285.27,71.389,102587.259,31.173,121.42,20181122
上海,上海市,35.485,48.969,6.747,51.659,0.568,49.258,-1.818,0.738,285.546,68.414,102616.07,31.173,121.42,20181123
上海,上海市,45.413,64.352,8.716,55.716,0.67,49.091,1.11,2.051,287.615,66.963,102463.561,31.173,121.42,20181124
上海,上海市,74.765,97.647,7.993,64.6,0.808,50.673,-2.475,-0.399,287.756,73.282,102322.393,31.173,121.42,20181125
上海,上海市,51.309,66.759,7.286,63.09,0.704,44.907,-2.28,-2.629,289.453,84.634,102271.976,31.173,121.42,20181126
上海,上海市,80.192,108.678,8.486,74.981,1.099,37.37,0.869,-2.485,287.42,80.251,102371.532,31.173,121.42,20181127
上海,上海市,112.518,152.82,11.924,81.677,1.308,48.084,-0.036,-1.414,286.936,74.664,102343.007,31.173,121.42,20181128
上海,上海市,108.239,147.651,27.142,88.987,1.2,42.079,0.178,1.524,287.321,70.806,102552.456,31.173,121.42,20181129
上海,上海市,59.306,99.533,9.2,56.988,0.721,48.118,-2.489,2.649,287.932,77.752,102493.342,31.173,121.42,20181130
